circRNA_id	label	fold
1:1223244|1223968(-)	1	2
1:1223244|1228946(-)	1	4
1:1561332|1564916(-)	1	4
1:2304585|2302978(+)	1	1
1:7778169|7777160(+)	1	1
1:12416827|12400181(+)	1	1
1:13750486|13731000(+)	1	2
1:13782831|13778418(+)	1	2
1:16305803|16315435(-)	1	1
1:17687747|17580553(+)	1	5
1:20744744|20749882(-)	1	3
1:20744744|20780540(-)	1	1
1:20749723|20773610(-)	1	2
1:20757166|20773610(-)	1	3
1:20969474|20981227(-)	1	2
1:21748138|21751615(-)	1	4
1:22491533|22489880(+)	1	2
1:22785076|22781421(+)	1	5
1:23059167|23030469(+)	1	3
1:26259802|26255171(+)	1	4
1:26763285|26760856(+)	1	4
1:28035544|28048426(-)	1	4
1:28480604|28473554(+)	1	5
1:30992390|30995220(-)	1	2
1:31059204|31059577(-)	1	4
1:31915895|31919658(-)	1	3
1:32190249|32187954(+)	1	4
1:32948222|32949774(-)	1	3
1:35361789|35358925(+)	1	2
1:35389082|35381259(+)	1	1
1:35747907|35753936(-)	1	2
1:39359264|39350785(+)	1	5
1:39853970|39857417(-)	1	5
1:41070595|41075451(-)	1	2
1:41575544|41585318(-)	1	1
1:44412722|44411981(+)	1	5
1:53271028|53271346(-)	1	3
1:58506060|58536741(-)	1	5
1:58506060|58539310(-)	1	4
1:59346398|59321536(+)	1	3
1:62442299|62441488(+)	1	5
1:62445429|62444738(+)	1	4
1:62577262|62625401(-)	1	5
1:65366196|65364635(+)	1	2
1:66963160|66958059(+)	1	3
1:77631850|77641655(-)	1	1
1:81862118|81836885(+)	1	1
1:81907230|81907017(+)	1	5
1:92605307|92639237(-)	1	4
1:93876268|93877862(-)	1	1
1:93894614|93901669(-)	1	2
1:94220258|94231643(-)	1	2
1:95151419|95143891(+)	1	4
1:100069685|100049909(+)	1	2
1:100442996|100424222(+)	1	4
1:100921841|100906852(+)	1	3
1:108181941|108185954(-)	1	5
1:112600794|112611003(-)	1	2
1:115664268|115659641(+)	1	1
1:147259918|147252623(+)	1	2
1:151668635|151658235(+)	1	3
1:152335439|152314906(+)	1	5
1:155415744|155459898(-)	1	5
1:155438327|155439068(-)	1	2
1:155438327|155477958(-)	1	5
1:155477886|155482449(-)	1	4
1:155521100|155521618(-)	1	4
1:161792327|161778244(+)	1	2
1:167338258|167332470(+)	1	5
1:167975015|167966629(+)	1	5
1:172570730|172555869(+)	1	5
1:179846107|179852811(-)	1	3
1:180397516|180413471(-)	1	3
1:211778918|211793190(-)	1	4
1:214451805|214464957(-)	1	2
1:227139576|227147559(-)	1	3
1:229463543|229498306(-)	1	1
1:235480054|235494828(-)	1	5
1:243426558|243415702(+)	1	5
1:243545510|243695716(-)	1	5
1:246327201|246335474(-)	1	1
10:829385|885760(-)	1	3
10:7276892|7285954(-)	1	5
10:11997672|12014184(-)	1	1
10:12094271|12081472(+)	1	4
10:13136897|13127745(+)	1	5
10:17157441|17168917(-)	1	3
10:21617207|21614831(+)	1	1
10:21727928|21713772(+)	1	2
10:21904522|21929141(-)	1	4
10:27171083|27169944(+)	1	1
10:27173259|27169944(+)	1	1
10:29512735|29531288(-)	1	3
10:34269657|34284245(-)	1	4
10:34269657|34348115(-)	1	1
10:43176032|43154897(+)	1	4
10:68014026|68044563(-)	1	4
10:68175461|68165702(+)	1	1
10:68468123|68470163(-)	1	5
10:68773099|68722455(+)	1	2
10:70708778|70702312(+)	1	3
10:73571421|73576361(-)	1	4
10:91462184|91425281(+)	1	4
10:92081320|92091944(-)	1	1
10:94246621|94245946(+)	1	3
10:96544076|96565426(-)	1	5
10:98209899|98208101(+)	1	4
10:99929608|99931445(-)	1	4
10:102158214|102157019(+)	1	5
10:110598290|110593073(+)	1	3
10:118729295|118730410(-)	1	1
10:119933787|119926036(+)	1	1
10:120890887|120858643(+)	1	1
10:124681607|124682379(-)	1	1
10:124943307|124942457(+)	1	4
10:124962408|124942457(+)	1	2
10:125038997|125111093(-)	1	1
10:127012374|126970702(+)	1	4
10:127110354|126970702(+)	1	1
11:12764434|12764179(+)	1	3
11:18283795|18285459(-)	1	4
11:18291442|18292976(-)	1	1
11:32935435|32927157(+)	1	4
11:33287511|33286413(+)	1	1
11:33545378|33541802(+)	1	1
11:34092056|34079628(+)	1	3
11:44114301|44107683(+)	1	5
11:44171742|44107683(+)	1	2
11:45965315|45979966(-)	1	1
11:46493608|46512813(-)	1	4
11:46493608|46548500(-)	1	2
11:46808031|46821268(-)	1	2
11:46816198|46821268(-)	1	5
11:47502967|47506897(-)	1	4
11:59642880|59647913(-)	1	1
11:59658866|59659469(-)	1	1
11:68564432|68505145(+)	1	3
11:70659828|70661678(-)	1	3
11:72984088|72989097(-)	1	4
11:73707420|73718890(-)	1	3
11:74078115|74078717(-)	1	2
11:76472840|76463821(+)	1	4
11:83184908|83161327(+)	1	3
11:85974708|85983973(-)	1	3
11:86011030|86031611(-)	1	4
11:93700186|93696320(+)	1	2
11:93757465|93747297(+)	1	2
11:107549753|107560899(-)	1	4
11:108054955|108046270(+)	1	4
11:108335961|108315823(+)	1	5
11:120477526|120473050(+)	1	5
11:129093621|129164427(-)	1	5
11:129123446|129124894(-)	1	3
11:130110661|130109429(+)	1	3
12:350621|356537(-)	1	5
12:830160|827042(+)	1	1
12:1116033|1104750(+)	1	4
12:1190052|1141620(+)	1	5
12:2821792|2820086(+)	1	3
12:6581044|6581814(-)	1	4
12:7403535|7433694(-)	1	2
12:11869969|11869424(+)	1	4
12:13753317|13753915(-)	1	4
12:14425473|14423909(+)	1	3
12:26990450|26999676(-)	1	1
12:27403541|27368262(+)	1	4
12:46229153|46243314(-)	1	5
12:48939655|48941188(-)	1	2
12:50461347|50427762(+)	1	1
12:53028188|53027782(+)	1	3
12:56430881|56434231(-)	1	4
12:56642458|56643958(-)	1	2
12:56666204|56670364(-)	1	3
12:67349398|67318684(+)	1	4
12:69262562|69251129(+)	1	1
12:69593613|69589485(+)	1	3
12:71657526|71660427(-)	1	3
12:71657549|71660427(-)	1	4
12:95208843|95211267(-)	1	1
12:99772922|99782097(-)	1	1
12:104996026|104991712(+)	1	3
12:122377389|122380558(-)	1	3
12:122580670|122577672(+)	1	5
12:124419957|124430787(-)	1	1
12:124419957|124437996(-)	1	2
12:124437930|124457162(-)	1	3
12:128808788|128815070(-)	1	3
12:132734385|132755133(-)	1	2
13:20006586|20002850(+)	1	3
13:20067390|20051433(+)	1	1
13:21045685|21046230(-)	1	4
13:21167988|21168399(-)	1	4
13:24903926|24913091(-)	1	5
13:29530538|29536202(-)	1	4
13:30227412|30241086(-)	1	4
13:30227412|30283791(-)	1	2
13:41336756|41318806(+)	1	2
13:46003139|46045513(-)	1	3
13:48077153|48090418(-)	1	3
13:49198574|49196877(+)	1	1
13:59810788|59839448(-)	1	1
13:72931267|72835243(+)	1	2
13:75569507|75560753(+)	1	3
13:77217840|77243951(-)	1	4
13:95034605|95062859(-)	1	3
13:95115922|95188542(-)	1	5
13:95177707|95188542(-)	1	1
13:95206532|95210781(-)	1	1
13:95832927|95837202(-)	1	4
13:95970112|95996135(-)	1	4
13:100273346|100209332(+)	1	1
13:100340259|100301460(+)	1	2
13:102657207|102627012(+)	1	3
13:110624279|110622216(+)	1	4
13:111244294|111217679(+)	1	2
13:113503588|113495502(+)	1	2
14:21401957|21403663(-)	1	5
14:22909483|22911403(-)	1	1
14:32094386|32090502(+)	1	1
14:34800224|34802988(-)	1	2
14:36711318|36737791(-)	1	5
14:39327022|39313340(+)	1	3
14:45032376|45008913(+)	1	2
14:45097005|45095221(+)	1	5
14:45246743|45247377(-)	1	3
14:54751537|54702062(+)	1	4
14:55630097|55612019(+)	1	1
14:57280422|57274244(+)	1	2
14:60125823|60115719(+)	1	4
14:63598756|63599973(-)	1	5
14:67303599|67301389(+)	1	2
14:67761366|67762819(-)	1	3
14:68890139|68893747(-)	1	5
14:71057724|71045133(+)	1	2
14:74549863|74555693(-)	1	5
14:88578140|88574693(+)	1	1
14:92143294|92126122(+)	1	4
14:96860735|96833467(+)	1	5
14:99257471|99257839(-)	1	2
14:99458279|99465813(-)	1	1
14:102197847|102193463(+)	1	3
14:102209862|102194938(+)	1	5
15:25701916|25736141(-)	1	3
15:29766266|29800702(-)	1	3
15:41699159|41696075(+)	1	5
15:43401850|43398038(+)	1	4
15:50958794|50948020(+)	1	4
15:51902036|51869217(+)	1	2
15:59031702|59030804(+)	1	1
15:59671183|59680308(-)	1	1
15:63674342|63689699(-)	1	2
15:75407055|75413045(-)	1	2
15:75411492|75413045(-)	1	5
15:75414205|75422823(-)	1	1
15:76274412|76295737(-)	1	2
15:76292431|76295737(-)	1	3
15:76753808|76795440(-)	1	1
15:77178790|77182040(-)	1	1
15:80122800|80120328(+)	1	1
15:89116521|89113725(+)	1	1
15:90068595|90067110(+)	1	4
15:90219891|90217439(+)	1	2
15:90221765|90217439(+)	1	1
16:346148|347106(-)	1	4
16:2445622|2439353(+)	1	4
16:2760499|2757472(+)	1	2
16:3850297|3851009(-)	1	4
16:16056295|16007816(+)	1	5
16:18834892|18845651(-)	1	4
16:21976243|21962460(+)	1	5
16:47610920|47497399(+)	1	3
16:48303305|48277338(+)	1	3
16:48546147|48562444(-)	1	1
16:48553539|48562444(-)	1	4
16:53274302|53254438(+)	1	4
16:56385919|56414344(-)	1	1
16:68123121|68121987(+)	1	3
16:69167185|69155871(+)	1	5
16:69370483|69372355(-)	1	1
16:69695379|69695136(+)	1	2
16:74660932|74661451(-)	1	5
16:87748673|87762040(-)	1	5
16:89418284|89422305(-)	1	1
16:89900794|89895038(+)	1	4
17:4066447|4072756(-)	1	4
17:4282798|4296814(-)	1	4
17:5460939|5462546(-)	1	1
17:7499491|7499039(+)	1	5
17:16057514|16058599(-)	1	5
17:17214985|17219209(-)	1	3
17:19958014|19958571(-)	1	5
17:20205912|20204333(+)	1	4
17:21017942|21028674(-)	1	2
17:27311616|27303367(+)	1	4
17:28591698|28593066(-)	1	3
17:29285992|29287716(-)	1	5
17:34983552|34983002(+)	1	3
17:36953907|36952886(+)	1	3
17:38777687|38786920(-)	1	2
17:42573107|42573623(-)	1	1
17:42703740|42730918(-)	1	3
17:46170855|46172232(-)	1	4
17:47668410|47664159(+)	1	5
17:50979746|50987237(-)	1	5
17:51020159|51041651(-)	1	3
17:51201592|51203228(-)	1	2
17:58709990|58703196(+)	1	1
17:59773944|59731421(+)	1	4
17:59773885|59764971(+)	1	2
17:60460663|60466459(-)	1	2
17:62033787|62035608(-)	1	3
17:63764016|63766194(-)	1	2
17:64212574|64214242(-)	1	3
17:65549520|65558736(-)	1	4
17:66053736|66096632(-)	1	2
17:67948306|67945409(+)	1	4
17:67959875|67945409(+)	1	2
17:73236995|73235476(+)	1	5
17:75242336|75243570(-)	1	2
17:78404089|78400677(+)	1	1
17:81672155|81667729(+)	1	5
17:82568201|82563354(+)	1	5
17:82587272|82563354(+)	1	1
17:82929500|82927905(+)	1	4
18:199316|196637(+)	1	2
18:204692|196637(+)	1	1
18:2951055|2960849(-)	1	5
18:7955414|7949181(+)	1	1
18:8720496|8714139(+)	1	1
18:9211784|9182382(+)	1	3
18:9216900|9182382(+)	1	2
18:9221999|9208657(+)	1	4
18:12493072|12546904(-)	1	4
18:13008631|12999421(+)	1	4
18:13666479|13682105(-)	1	2
18:13681605|13682105(-)	1	5
18:22949713|22936754(+)	1	4
18:36026900|36033837(-)	1	5
18:47868323|47896809(-)	1	2
18:51067187|51046920(+)	1	2
18:54287411|54271360(+)	1	4
18:57478848|57476437(+)	1	4
18:76960855|76849526(+)	1	5
19:965080|960092(+)	1	2
19:3623688|3624162(-)	1	5
19:4409759|4408903(+)	1	1
19:4432207|4430549(+)	1	3
19:5047669|5039836(+)	1	2
19:5144902|5131076(+)	1	4
19:6230570|6270759(-)	1	3
19:18175697|18175040(+)	1	3
19:18539371|18539720(-)	1	5
19:19564933|19569584(-)	1	1
19:38088851|38081256(+)	1	4
19:38119882|38106537(+)	1	3
19:38142710|38141184(+)	1	1
19:40583717|40583398(+)	1	5
19:47093970|47094608(-)	1	2
19:47362693|47362476(+)	1	4
19:52076044|52089002(-)	1	3
19:54458521|54458314(+)	1	1
19:58393487|58392976(+)	1	5
2:9368519|9350808(+)	1	1
2:10788697|10790833(-)	1	1
2:15424315|15511350(-)	1	3
2:15461201|15478289(-)	1	1
2:20254863|20256170(-)	1	3
2:20307978|20318645(-)	1	4
2:20307978|20327378(-)	1	4
2:24564430|24554389(+)	1	5
2:28799433|28752038(+)	1	2
2:29135666|29121374(+)	1	1
2:32388943|32377588(+)	1	1
2:32416163|32414769(+)	1	2
2:32611582|32607455(+)	1	1
2:36442735|36358904(+)	1	5
2:36396787|36378357(+)	1	5
2:36464655|36396614(+)	1	2
2:36479694|36396614(+)	1	3
2:36464655|36441258(+)	1	4
2:43912432|43925961(-)	1	3
2:44401206|44390241(+)	1	1
2:47818779|47819078(-)	1	4
2:48511468|48498493(+)	1	2
2:53895007|53901559(-)	1	4
2:58159650|58165874(-)	1	2
2:60792289|60786947(+)	1	5
2:61482380|61490776(-)	1	5
2:61485768|61490776(-)	1	3
2:61873002|61883548(-)	1	3
2:62000982|62000701(+)	1	2
2:63433745|63439871(-)	1	4
2:63962058|63984019(-)	1	4
2:63962058|64004659(-)	1	4
2:64553409|64551443(+)	1	2
2:68186468|68188690(-)	1	5
2:75518056|75522487(-)	1	1
2:76142207|76080251(+)	1	3
2:84425415|84449752(-)	1	4
2:85049648|85027889(+)	1	3
2:96829134|96825058(+)	1	1
2:108856970|108839185(+)	1	3
2:109564366|109567976(-)	1	5
2:120175004|120127688(+)	1	1
2:127989564|128000454(-)	1	5
2:128171284|128164730(+)	1	5
2:131140275|131125753(+)	1	3
2:135605016|135602500(+)	1	3
2:135680324|135645379(+)	1	2
2:147972739|147982081(-)	1	4
2:148342336|148233245(+)	1	4
2:152144888|152148300(-)	1	1
2:159748903|159743061(+)	1	5
2:159752571|159743061(+)	1	1
2:161224746|161179614(+)	1	5
2:168129541|168182090(-)	1	2
2:168161787|168182090(-)	1	1
2:171337453|171339554(-)	1	3
2:171966949|171925537(+)	1	4
2:171976308|171925537(+)	1	1
2:173918593|173956232(-)	1	5
2:175111568|175121540(-)	1	1
2:178542361|178535732(+)	1	4
2:190670459|190659158(+)	1	4
2:190924593|190899117(+)	1	1
2:195683906|195680032(+)	1	3
2:199348701|199381820(-)	1	3
2:199368605|199433514(-)	1	5
2:201760881|201761818(-)	1	1
2:202467689|202464809(+)	1	5
2:203417081|203380208(+)	1	1
2:206127797|206130242(-)	1	3
2:207976651|207977586(-)	1	1
2:214752447|214797117(-)	1	1
2:214780560|214797117(-)	1	3
2:216277672|216283729(-)	1	2
2:218435434|218434526(+)	1	2
2:224535528|224557856(-)	1	2
2:227524915|227519948(+)	1	5
2:229858772|229880128(-)	1	4
2:233452060|233449982(+)	1	3
2:235750488|235740963(+)	1	3
2:235968623|235930765(+)	1	1
2:238173534|238185287(-)	1	1
2:238182065|238185287(-)	1	5
2:238182065|238194870(-)	1	1
2:241418109|241403828(+)	1	2
20:3218994|3218517(+)	1	4
20:31797515|31782249(+)	1	4
20:32369123|32366384(+)	1	2
20:34492597|34470048(+)	1	3
20:35801605|35800094(+)	1	1
20:35858381|35842573(+)	1	5
20:36793249|36839441(-)	1	3
20:37184373|37184180(+)	1	5
20:38066256|38057532(+)	1	2
20:38066256|38065803(+)	1	2
20:41202057|41205066(-)	1	4
20:43700044|43686852(+)	1	5
20:43702903|43702490(+)	1	5
20:43705358|43702490(+)	1	5
20:45848450|45855292(-)	1	3
20:47262288|47283648(-)	1	5
20:48952884|48951323(+)	1	2
20:51656938|51676208(-)	1	3
20:54157169|54171670(-)	1	5
20:55468214|55438129(+)	1	5
20:56381433|56386533(-)	1	1
20:58441083|58438945(+)	1	2
20:61997550|62014707(-)	1	4
20:62139075|62140944(-)	1	5
20:63202287|63203807(-)	1	2
20:63775678|63790790(-)	1	2
21:15842540|15833348(+)	1	1
21:33432871|33432177(+)	1	5
21:36248568|36247517(+)	1	5
21:36372531|36362183(+)	1	5
21:36754176|36767285(-)	1	4
21:37496258|37472684(+)	1	3
21:41257326|41226266(+)	1	1
21:41257326|41237513(+)	1	5
21:45134832|45128402(+)	1	1
22:17885878|17906886(-)	1	5
22:20464858|20471515(-)	1	2
22:21805850|21807846(-)	1	4
22:24313466|24302195(+)	1	5
22:24338477|24302195(+)	1	1
22:25375813|25381578(-)	1	1
22:28699838|28725367(-)	1	4
22:31738387|31738911(-)	1	5
22:31765060|31758546(+)	1	4
22:41140257|41135813(+)	1	2
22:41813822|41808875(+)	1	2
22:42209651|42215341(-)	1	5
22:45702847|45689712(+)	1	3
22:45729590|45689712(+)	1	5
22:45740538|45700282(+)	1	2
22:45740538|45729425(+)	1	4
22:49797805|49804360(-)	1	1
22:49804204|49824331(-)	1	4
3:11426926|11358418(+)	1	2
3:15034809|15032379(+)	1	3
3:16303592|16286342(+)	1	5
3:31580096|31576396(+)	1	2
3:37121492|37149038(-)	1	3
3:47622207|47678311(-)	1	2
3:47914817|47928350(-)	1	2
3:47977865|47998879(-)	1	1
3:50062108|50057728(+)	1	4
3:52737586|52741499(-)	1	3
3:56627037|56628614(-)	1	1
3:56660731|56673725(-)	1	3
3:94003908|93995874(+)	1	2
3:94003908|94003659(+)	1	1
3:101671130|101672213(-)	1	5
3:107716849|107710452(+)	1	1
3:113005733|113014032(-)	1	5
3:113399906|113407041(-)	1	4
3:119517315|119500695(+)	1	3
3:119863419|119876508(-)	1	1
3:119863419|119905852(-)	1	3
3:119905755|120093593(-)	1	2
3:123931102|123949132(-)	1	1
3:125277726|125331238(-)	1	5
3:126607651|126647296(-)	1	4
3:134155136|134195182(-)	1	5
3:134175609|134195182(-)	1	5
3:138570318|138572932(-)	1	5
3:142678113|142664202(+)	1	5
3:142748460|142736379(+)	1	1
3:146121112|146124229(-)	1	3
3:149912083|149846011(+)	1	2
3:154284583|154295339(-)	1	3
3:155916192|155893518(+)	1	2
3:155931880|155893518(+)	1	5
3:155914570|155910692(+)	1	2
3:156696025|156694020(+)	1	5
3:158123991|158122103(+)	1	2
3:158203245|158122103(+)	1	4
3:160419543|160413473(+)	1	3
3:170113360|170122744(-)	1	3
3:172251541|172247533(+)	1	2
3:183070999|183071357(-)	1	2
3:183728851|183717651(+)	1	1
3:196391813|196403019(-)	1	3
3:196391813|196407393(-)	1	5
3:196886694|196885151(+)	1	2
3:197051577|197069260(-)	1	1
3:197081051|197119530(-)	1	2
3:197090912|197119530(-)	1	2
3:197115927|197119530(-)	1	4
4:1228199|1241519(-)	1	4
4:1366431|1349524(+)	1	1
4:1654978|1668905(-)	1	3
4:1904378|1900626(+)	1	5
4:2700544|2699680(+)	1	4
4:2949934|2951245(-)	1	4
4:2949934|2953645(-)	1	4
4:4649542|4648977(+)	1	2
4:6967424|6923373(+)	1	1
4:15612266|15644708(-)	1	3
4:15625252|15644708(-)	1	3
4:24548855|24576678(-)	1	3
4:25127264|25159107(-)	1	5
4:39086727|39075965(+)	1	4
4:41013583|41014398(-)	1	5
4:47855059|47910994(-)	1	1
4:47894180|47910994(-)	1	1
4:51891851|51860543(+)	1	3
4:51877854|51863437(+)	1	5
4:51891851|51874271(+)	1	5
4:53391139|53383773(+)	1	5
4:54709539|54695512(+)	1	2
4:56371451|56384341(-)	1	4
4:65601641|65602304(-)	1	2
4:73078642|73092300(-)	1	1
4:73115821|73125312(-)	1	1
4:74201370|74174506(+)	1	3
4:83267586|83279114(-)	1	5
4:86701801|86693587(+)	1	1
4:86767976|86764593(+)	1	1
4:87195324|87195690(-)	1	2
4:109463644|109462901(+)	1	4
4:112562371|112585725(-)	1	3
4:122979386|122935714(+)	1	2
4:138214585|138242061(-)	1	2
4:139125164|139139497(-)	1	4
4:143543972|143543509(+)	1	3
4:145885678|145903215(-)	1	2
4:150102812|150102478(+)	1	3
4:152411303|152412529(-)	1	4
4:173248440|173247980(+)	1	2
4:173304118|173292108(+)	1	2
4:177353728|177353308(+)	1	3
4:182346929|182301011(+)	1	4
4:184011423|184001325(+)	1	1
4:185267155|185247294(+)	1	2
4:186706563|186709845(-)	1	3
5:644425|633769(+)	1	5
5:6616727|6631977(-)	1	5
5:13911386|13931244(-)	1	3
5:14420021|14316513(+)	1	5
5:14420021|14405848(+)	1	2
5:16779545|16783469(-)	1	3
5:33546059|33596060(-)	1	5
5:33576054|33596060(-)	1	4
5:34824491|34822956(+)	1	2
5:36986301|36953618(+)	1	1
5:37108293|37125409(-)	1	2
5:38510464|38530666(-)	1	5
5:40764514|40771863(-)	1	4
5:40764514|40777586(-)	1	2
5:43139309|43122039(+)	1	1
5:65170617|65197151(-)	1	5
5:65758826|65758567(+)	1	1
5:69175537|69174877(+)	1	4
5:69294793|69311204(-)	1	5
5:77048987|77046347(+)	1	4
5:78421960|78415520(+)	1	3
5:79439010|79457018(-)	1	3
5:80474830|80455692(+)	1	5
5:80792844|80678927(+)	1	3
5:80761678|80725453(+)	1	1
5:80792844|80767933(+)	1	2
5:94630743|94628811(+)	1	3
5:94678955|94628811(+)	1	3
5:94868333|94912976(-)	1	2
5:95763620|95755396(+)	1	5
5:97028612|96985080(+)	1	2
5:97028612|97013648(+)	1	2
5:109729513|109713520(+)	1	1
5:115130592|115134147(-)	1	1
5:115524511|115525617(-)	1	2
5:129658737|129641859(+)	1	4
5:135369406|135389126(-)	1	2
5:138006990|138019146(-)	1	4
5:138006990|138021197(-)	1	4
5:143295460|143300763(-)	1	2
5:145764931|145826200(-)	1	2
5:145817894|145826200(-)	1	1
5:168494650|168488602(+)	1	3
5:168559032|168566266(-)	1	1
5:180238332|180280608(-)	1	2
6:592469|599225(-)	1	1
6:7189322|7181124(+)	1	5
6:7606195|7602623(+)	1	2
6:13584225|13579451(+)	1	4
6:13639563|13644729(-)	1	4
6:16326394|16328470(-)	1	5
6:17647807|17649300(-)	1	3
6:17665239|17675770(-)	1	3
6:18166378|18159883(+)	1	1
6:25554096|25515675(+)	1	2
6:47554766|47503280(+)	1	1
6:75634811|75621532(+)	1	3
6:75678927|75659262(+)	1	2
6:75703072|75702645(+)	1	2
6:79042843|79060818(-)	1	2
6:82957312|83044659(-)	1	2
6:83346173|83407901(-)	1	4
6:84185187|84186623(-)	1	2
6:88298861|88324145(-)	1	1
6:104744160|104750472(-)	1	5
6:130955105|130956499(-)	1	3
6:138941335|138947913(-)	1	1
6:144444382|144437565(+)	1	2
6:144493456|144487548(+)	1	3
6:144511123|144487548(+)	1	1
6:144539443|144537582(+)	1	2
6:144803147|144781922(+)	1	1
6:149379518|149369909(+)	1	3
6:151353752|151348711(+)	1	3
6:152329730|152331890(-)	1	4
6:155130417|155127490(+)	1	5
6:161049979|161048616(+)	1	5
6:167880517|167864551(+)	1	1
7:775162|761753(+)	1	3
7:1898200|1936897(-)	1	3
7:2229984|2230727(-)	1	4
7:2364529|2360710(+)	1	5
7:5374055|5378024(-)	1	1
7:5739276|5741815(-)	1	4
7:6432837|6436533(-)	1	3
7:17814834|17850964(-)	1	5
7:22976210|22984045(-)	1	5
7:24668660|24620052(+)	1	3
7:24650712|24623666(+)	1	1
7:24668660|24623666(+)	1	2
7:24668660|24641716(+)	1	5
7:27629371|27649633(-)	1	5
7:33015670|33026915(-)	1	5
7:39988258|39987599(+)	1	1
7:43639449|43640649(-)	1	1
7:44799874|44798748(+)	1	3
7:45064646|45038253(+)	1	3
7:55983868|55982210(+)	1	1
7:66810847|66808886(+)	1	5
7:73476868|73478569(-)	1	3
7:77773314|77765495(+)	1	2
7:83134250|83135656(-)	1	2
7:83466482|83490274(-)	1	4
7:90790652|90623436(+)	1	1
7:90863269|90747681(+)	1	3
7:92307656|92294889(+)	1	3
7:98194572|98190728(+)	1	2
7:99493040|99494631(-)	1	5
7:100355804|100355143(+)	1	3
7:100819557|100820296(-)	1	4
7:105142008|105146658(-)	1	3
7:105459168|105495253(-)	1	5
7:107576592|107575188(+)	1	5
7:116700284|116699071(+)	1	3
7:127106496|127243515(-)	1	5
7:127242695|127243515(-)	1	1
7:129014979|129018157(-)	1	2
7:129727365|129671429(+)	1	3
7:130170400|130178527(-)	1	1
7:131399433|131375424(+)	1	2
7:131399433|131387120(+)	1	2
7:139417729|139371387(+)	1	2
7:139715932|139717015(-)	1	3
7:140355668|140358785(-)	1	4
7:143268943|143264086(+)	1	4
7:148846470|148847305(-)	1	5
7:151118632|151117095(+)	1	4
7:155680908|155672867(+)	1	2
7:156756393|156826744(-)	1	3
7:158759486|158764853(-)	1	3
8:17993619|17985447(+)	1	3
8:18014840|17989859(+)	1	3
8:25408940|25407983(+)	1	1
8:41974704|41987563(-)	1	5
8:47440542|47396376(+)	1	2
8:48043626|48043033(+)	1	5
8:51860845|51861246(-)	1	5
8:60743097|60741259(+)	1	2
8:61540988|61536344(+)	1	5
8:63187745|63186147(+)	1	1
8:66592440|66602523(-)	1	1
8:67137603|67131951(+)	1	2
8:98706467|98722969(-)	1	2
8:98706467|98749390(-)	1	1
8:106713985|106706382(+)	1	3
8:116655856|116658980(-)	1	5
8:128010444|128009590(+)	1	2
8:130358017|130361771(-)	1	4
8:134599730|134610655(-)	1	3
8:134600436|134610655(-)	1	3
8:142343966|142345892(-)	1	1
9:5968019|5988545(-)	1	1
9:6434173|6420912(+)	1	5
9:17236588|17235658(+)	1	4
9:17342444|17309058(+)	1	3
9:20823115|20819796(+)	1	2
9:20933103|20923660(+)	1	4
9:27048274|27009020(+)	1	4
9:33944365|33948587(-)	1	1
9:33948374|33956146(-)	1	3
9:33986760|34017189(-)	1	4
9:35313989|35295696(+)	1	3
9:74996447|75017448(-)	1	4
9:75016268|75017448(-)	1	4
9:83677727|83678599(-)	1	1
9:83677727|83683066(-)	1	4
9:83678441|83686155(-)	1	4
9:83679775|83686155(-)	1	2
9:85575315|85596449(-)	1	4
9:85585463|85596449(-)	1	1
9:92256680|92269983(-)	1	4
9:92268174|92269983(-)	1	5
9:93476338|93471141(+)	1	5
9:94801002|94773002(+)	1	1
9:95956013|95897849(+)	1	4
9:106935621|106923354(+)	1	1
9:112250929|112252788(-)	1	3
9:120437295|120491477(-)	1	4
9:123169902|123184298(-)	1	4
9:128169052|128180799(-)	1	3
9:133408768|133412921(-)	1	3
9:135850137|135850461(-)	1	1
9:135850137|135866536(-)	1	4
9:137762820|137728349(+)	1	1
9:137762820|137754171(+)	1	5
9:137818138|137811461(+)	1	3
X:10523092|10567603(-)	1	5
X:10566888|10567603(-)	1	2
X:17692468|17687742(+)	1	2
X:24179770|24172715(+)	1	4
X:24826601|24699425(+)	1	4
X:53645311|53680186(-)	1	5
X:101109998|101101058(+)	1	3
X:118393271|118387340(+)	1	4
X:123610918|123614189(-)	1	2
X:129588263|129540744(+)	1	3
X:140784659|140783175(+)	1	2
X:150737448|150699195(+)	1	5
X:154769310|154768302(+)	1	5
1:6222970|6208881(+)	0	3
1:6833990|6806983(+)	0	1
1:16607204|16606557(+)	0	5
1:27906156|27905555(+)	0	2
1:31907661|31908960(-)	0	3
1:32324693|32323676(+)	0	5
1:35187230|35188090(-)	0	2
1:39121258|39117852(+)	0	1
1:39476864|39475953(+)	0	2
1:44061227|44050950(+)	0	5
1:45191260|45191640(-)	0	4
1:45697727|45697522(+)	0	2
1:48097236|48011530(+)	0	3
1:48590833|48663241(-)	0	4
1:52315094|52268463(+)	0	1
1:54228255|54228826(-)	0	3
1:61720531|61721274(-)	0	1
1:65613042|65605038(+)	0	3
1:72557986|72555211(+)	0	1
1:90262346|90287262(-)	0	5
1:92263623|92291537(-)	0	3
1:93286310|93325895(-)	0	4
1:107683488|107777296(-)	0	1
1:108339603|108331171(+)	0	5
1:108782706|108772665(+)	0	1
1:114732604|114738072(-)	0	1
1:145904052|145907465(-)	0	5
1:148271834|148274977(-)	0	1
1:150223186|150226681(-)	0	3
1:151690696|151691172(-)	0	2
1:169862613|169869128(-)	0	5
1:170031886|170039288(-)	0	5
1:171790616|171781988(+)	0	3
1:186320312|186323870(-)	0	1
1:186470395|186390711(+)	0	4
1:187418003|187326921(+)	0	3
1:193135589|193122112(+)	0	1
1:202941466|202941324(+)	0	5
1:205118104|205118351(-)	0	5
1:206595718|206600308(-)	0	4
1:211304140|211260108(+)	0	3
1:213230544|213205239(+)	0	1
1:226159184|226166000(-)	0	5
1:226908683|226896993(+)	0	5
1:229306457|229306775(-)	0	3
1:229538814|229556947(-)	0	2
1:239494651|239492709(+)	0	3
1:241448649|241446915(+)	0	3
1:244854318|244862730(-)	0	3
1:244856487|244856113(+)	0	4
10:5731203|5699525(+)	0	5
10:12149961|12081472(+)	0	3
10:12089255|12088986(+)	0	1
10:17229867|17233670(-)	0	4
10:20362755|20279703(+)	0	4
10:22541804|22609717(-)	0	5
10:26843239|26836367(+)	0	5
10:31119303|31105939(+)	0	3
10:32305896|32346795(-)	0	4
10:32623817|32451592(+)	0	4
10:32664577|32543300(+)	0	1
10:37852245|37852932(-)	0	1
10:49832803|49935142(-)	0	5
10:63454859|63460066(-)	0	5
10:67956878|68025676(-)	0	5
10:68468123|68516843(-)	0	4
10:68483420|68506738(-)	0	3
10:82004007|82005959(-)	0	4
10:86958778|86959669(-)	0	2
10:89733056|89716436(+)	0	5
10:94562727|94558145(+)	0	3
10:100259935|100257561(+)	0	3
11:611672|611035(+)	0	1
11:2964680|2989197(-)	0	1
11:2988642|2989047(-)	0	4
11:12986040|13001226(-)	0	4
11:16438380|16589400(-)	0	4
11:28159279|28134546(+)	0	3
11:28159279|28156128(+)	0	3
11:31958805|31872493(+)	0	2
11:34970286|34947493(+)	0	4
11:47052518|47023339(+)	0	2
11:47731374|47744163(-)	0	5
11:62566991|62566817(+)	0	3
11:66793740|66794212(-)	0	2
11:73692965|73729130(-)	0	3
11:74876977|74874749(+)	0	5
11:76451292|76447070(+)	0	5
11:83066828|83067773(-)	0	5
11:86286696|86285862(+)	0	5
11:95813017|95813572(-)	0	1
11:105968484|105996617(-)	0	2
11:116964864|116968224(-)	0	3
11:117023973|117024639(-)	0	5
11:119287946|119232448(+)	0	4
11:130121810|130109429(+)	0	3
12:433472|431866(+)	0	1
12:12500519|12562401(-)	0	5
12:14788977|14787463(+)	0	4
12:25518795|25526955(-)	0	5
12:27755331|27735447(+)	0	5
12:30685433|30685664(-)	0	4
12:45753601|45753268(+)	0	2
12:45822225|45820022(+)	0	2
12:50216460|50216642(-)	0	1
12:55757383|55767043(-)	0	2
12:62832114|62912108(-)	0	1
12:68835859|68828783(+)	0	3
12:72621751|72542291(+)	0	1
12:72930727|72944848(-)	0	3
12:75293249|75323222(-)	0	4
12:82135195|82143747(-)	0	5
12:84867034|84884040(-)	0	5
12:89666222|89677816(-)	0	3
12:92127595|92127800(-)	0	5
12:96280808|96300360(-)	0	4
12:101790534|101789762(+)	0	2
12:102324877|102257215(+)	0	3
12:103946696|103938367(+)	0	5
12:106463620|106427197(+)	0	4
12:111552280|111565419(-)	0	2
12:116719763|116720447(-)	0	4
12:121423517|121417861(+)	0	5
12:122319232|122324381(-)	0	1
12:123238994|123238163(+)	0	2
12:132680607|132687335(-)	0	3
13:32407250|32420576(-)	0	3
13:32436361|32442548(-)	0	2
13:35195931|35176996(+)	0	5
13:40628516|40633248(-)	0	3
13:45207505|45183401(+)	0	4
13:46696415|46694893(+)	0	2
13:49207090|49201907(+)	0	2
13:60510755|60485799(+)	0	4
13:98151134|98148593(+)	0	5
13:107523978|107527341(-)	0	4
13:110183184|110187235(-)	0	2
13:110211869|110213943(-)	0	4
13:113420532|113484196(-)	0	4
13:113519801|113495502(+)	0	1
14:21266393|21266830(-)	0	1
14:31119710|31121405(-)	0	3
14:35870524|35864911(+)	0	4
14:50635214|50649389(-)	0	5
14:50792717|50822077(-)	0	3
14:55134868|55132845(+)	0	4
14:64574589|64521487(+)	0	5
14:70326212|70329236(-)	0	5
14:71009724|70976942(+)	0	4
14:71418196|71351851(+)	0	4
14:72594327|72619984(-)	0	4
14:73362249|73362476(-)	0	3
14:73905083|73896316(+)	0	4
14:76180849|76159370(+)	0	3
14:77296164|77301249(-)	0	2
14:77343178|77351751(-)	0	4
14:77350708|77351751(-)	0	3
14:80706111|80778046(-)	0	4
14:89797224|89932627(-)	0	1
14:89924513|89954001(-)	0	1
14:91461381|91466416(-)	0	3
14:93287752|93294937(-)	0	4
14:100949596|100933998(+)	0	1
14:102000399|101997035(+)	0	2
14:102340795|102340542(+)	0	3
15:22999748|23003153(-)	0	4
15:22999748|23006352(-)	0	5
15:22999748|23027306(-)	0	5
15:23011133|23037152(-)	0	5
15:23021959|23032824(-)	0	5
15:25418951|25266431(+)	0	2
15:41047408|41092182(-)	0	5
15:41729349|41668828(+)	0	3
15:43186233|43185834(+)	0	5
15:58912592|58913527(-)	0	5
15:59167973|59168294(-)	0	1
15:63563008|63528629(+)	0	5
15:64418728|64394007(+)	0	2
15:65715478|65767406(-)	0	3
15:68059240|68059451(-)	0	3
15:76804533|76862533(-)	0	2
15:82415675|82400660(+)	0	3
15:100564688|100566453(-)	0	1
15:101193020|101193346(-)	0	1
16:1974660|1975059(-)	0	3
16:11052832|11020193(+)	0	5
16:12083394|12061528(+)	0	5
16:27219110|27213585(+)	0	1
16:29799401|29799721(-)	0	4
16:30353975|30353779(+)	0	3
16:31407916|31407515(+)	0	5
16:46608297|46618372(-)	0	4
16:47610920|47463899(+)	0	5
16:47547548|47487460(+)	0	3
16:67843598|67844044(-)	0	5
16:68983722|68974028(+)	0	3
16:71764350|71774592(-)	0	3
16:80684538|80703394(-)	0	1
16:87298788|87305905(-)	0	2
17:9216524|9216729(-)	0	3
17:14163723|14159877(+)	0	2
17:15524087|15518986(+)	0	3
17:20314223|20306023(+)	0	3
17:29671935|29695523(-)	0	4
17:29694439|29693590(+)	0	3
17:32377980|32351739(+)	0	1
17:35723814|35624397(+)	0	2
17:40044650|40029476(+)	0	5
17:40293631|40289408(+)	0	3
17:42223382|42232108(-)	0	2
17:43316189|43315949(+)	0	1
17:47416908|47402132(+)	0	4
17:48892854|48895098(-)	0	1
17:49311312|49321232(-)	0	2
17:55047154|55031192(+)	0	3
17:58706022|58694931(+)	0	1
17:59012328|59075714(-)	0	5
17:61681141|61686165(-)	0	1
17:61950825|61968258(-)	0	3
17:61984303|61983071(+)	0	4
17:67945821|67948243(-)	0	4
17:68359753|68306943(+)	0	1
17:68528946|68524912(+)	0	2
17:79644137|79646334(-)	0	3
17:80082058|80039812(+)	0	1
17:82265686|82268760(-)	0	2
18:692770|693178(-)	0	4
18:12785736|12862744(-)	0	1
18:12971251|12963287(+)	0	5
18:24066140|24019860(+)	0	5
18:32117980|32111754(+)	0	3
18:39388429|39404137(-)	0	4
18:62157129|62178285(-)	0	3
18:62282444|62275374(+)	0	4
18:69867357|69947532(-)	0	2
18:76210944|76235373(-)	0	4
19:3054153|3055687(-)	0	3
19:3942898|3949736(-)	0	1
19:9378344|9339193(+)	0	3
19:10175540|10177345(-)	0	2
19:22434161|22434385(-)	0	2
19:27833106|27826132(+)	0	2
19:27988510|27963266(+)	0	1
19:30321550|30321793(-)	0	1
19:34433667|34432833(+)	0	2
19:36630809|36629909(+)	0	1
19:39486495|39485544(+)	0	5
19:40371703|40374588(-)	0	1
19:44687108|44686056(+)	0	2
19:46947531|46948291(-)	0	5
19:52621246|52570040(+)	0	5
2:10423088|10419734(+)	0	2
2:17718077|17745951(-)	0	4
2:24275713|24301234(-)	0	5
2:28927700|28901987(+)	0	5
2:32482582|32464509(+)	0	2
2:38131614|38113361(+)	0	4
2:53813073|53809214(+)	0	5
2:55303069|55309254(-)	0	5
2:55525619|55524953(+)	0	2
2:55605144|55605647(-)	0	3
2:61224842|61178981(+)	0	1
2:64953939|64955984(-)	0	2
2:68229986|68230503(-)	0	1
2:77315958|77315464(+)	0	3
2:88570874|88575446(-)	0	4
2:99196554|99200387(-)	0	4
2:104717296|104719049(-)	0	1
2:135916226|135933990(-)	0	1
2:148342336|148330483(+)	0	3
2:152356373|152365519(-)	0	1
2:153965427|153944394(+)	0	5
2:157487332|157491093(-)	0	1
2:171006147|171023129(-)	0	1
2:177323304|177348475(-)	0	2
2:188110072|188139740(-)	0	1
2:189346225|189358227(-)	0	2
2:201545543|201597841(-)	0	4
2:201725356|201761818(-)	0	2
2:202623782|202622344(+)	0	4
2:202942967|202914389(+)	0	2
2:216799685|216712380(+)	0	2
2:216824295|216799549(+)	0	4
2:217174281|217159008(+)	0	5
2:220531252|220450299(+)	0	4
2:220855873|220774918(+)	0	4
2:224557659|224558241(-)	0	3
2:231165993|231170589(-)	0	2
2:231455401|231460750(-)	0	2
2:232656686|232677466(-)	0	1
2:239236593|239379053(-)	0	2
2:241585580|241584465(+)	0	1
20:499255|508660(-)	0	3
20:3918796|3901548(+)	0	1
20:4899555|4936875(-)	0	5
20:5995618|5952011(+)	0	1
20:17950132|17957037(-)	0	5
20:20676236|20694590(-)	0	4
20:21332440|21326490(+)	0	4
20:31755315|31755518(-)	0	4
20:35332861|35335014(-)	0	2
20:49143854|49154071(-)	0	2
20:49251527|49275887(-)	0	2
20:64014185|64014394(-)	0	3
21:29459812|29351634(+)	0	3
21:37098160|37075936(+)	0	2
22:20405993|20405736(+)	0	3
22:31608033|31603744(+)	0	3
22:32273507|32262661(+)	0	4
22:35894813|35945214(-)	0	3
22:37678547|37679683(-)	0	3
22:39318487|39314134(+)	0	4
22:42089334|42089922(-)	0	1
22:44119140|44117970(+)	0	3
22:50210911|50204919(+)	0	2
22:50522717|50522343(+)	0	1
3:3777725|3795428(-)	0	1
3:3926426|3951764(-)	0	1
3:4028423|4068745(-)	0	2
3:4270103|4362254(-)	0	4
3:5201924|5192270(+)	0	3
3:16010941|16008286(+)	0	3
3:20140364|20071364(+)	0	2
3:20152579|20099862(+)	0	1
3:28380233|28381904(-)	0	3
3:33486148|33492682(-)	0	4
3:46510760|46521658(-)	0	5
3:52737586|52742417(-)	0	5
3:64010683|64022523(-)	0	4
3:65050822|65018441(+)	0	5
3:66414920|66451633(-)	0	5
3:106678677|106843256(-)	0	3
3:116331635|116332178(-)	0	2
3:129827803|129867098(-)	0	2
3:150871930|150865059(+)	0	1
3:158271856|158269211(+)	0	1
3:170117226|170178938(-)	0	4
3:172381093|172226871(+)	0	5
3:178859489|178909706(-)	0	3
3:178909599|178914562(-)	0	3
3:179368103|179348845(+)	0	4
3:183057311|183058627(-)	0	4
3:184325907|184325353(+)	0	4
3:188659997|188659803(+)	0	2
3:191392748|191392313(+)	0	5
3:195959822|195960086(-)	0	5
4:2706545|2715201(-)	0	4
4:7786194|7801054(-)	0	1
4:12755593|12756485(-)	0	2
4:14700743|14862685(-)	0	2
4:16355785|16287522(+)	0	2
4:16323036|16288884(+)	0	5
4:17794931|17805225(-)	0	3
4:21524287|21524555(-)	0	2
4:21611391|21666912(-)	0	4
4:24541873|24570847(-)	0	5
4:25191624|25196815(-)	0	1
4:25413742|25383261(+)	0	1
4:39774933|39717614(+)	0	1
4:48839148|48835212(+)	0	3
4:55489118|55489465(-)	0	1
4:59848462|59865678(-)	0	3
4:79379354|79365689(+)	0	2
4:87159458|87195690(-)	0	4
4:88075656|88067898(+)	0	1
4:99045310|99039374(+)	0	5
4:99903786|99928588(-)	0	3
4:105369579|105456745(-)	0	3
4:121825848|121863279(-)	0	4
4:122281774|122250480(+)	0	2
4:122362251|122328199(+)	0	1
4:139058669|139125329(-)	0	2
4:152322596|152350124(-)	0	2
4:153591194|153587742(+)	0	3
4:157363551|157335671(+)	0	4
4:183474764|183497669(-)	0	3
5:10068209|10084122(-)	0	5
5:31511035|31521215(-)	0	5
5:33469382|33453289(+)	0	4
5:37003347|36995622(+)	0	5
5:43541945|43541437(+)	0	5
5:56873005|56820726(+)	0	3
5:64330406|64284828(+)	0	5
5:65508067|65521528(-)	0	2
5:65652545|65635301(+)	0	2
5:67090231|67048807(+)	0	5
5:81454449|81451706(+)	0	2
5:84493237|84490658(+)	0	2
5:92507348|92671593(-)	0	1
5:97017690|97013648(+)	0	1
5:108898132|108768093(+)	0	4
5:109770541|109755329(+)	0	5
5:112839105|112838903(+)	0	3
5:132330494|132329210(+)	0	3
5:133089695|133086782(+)	0	1
5:137677545|137792128(-)	0	5
5:137698287|137859263(-)	0	1
5:142844606|142844287(+)	0	1
5:150733368|150753657(-)	0	3
5:151569928|151555905(+)	0	1
5:151673139|151674644(-)	0	4
5:154865207|154863309(+)	0	2
5:155870424|155822053(+)	0	5
5:172064720|172082376(-)	0	2
5:179617984|179618323(-)	0	2
6:10898848|10898015(+)	0	1
6:20730568|20722009(+)	0	5
6:32121107|32126234(-)	0	2
6:33148063|33147215(+)	0	2
6:34628635|34628855(-)	0	4
6:35842535|35869039(-)	0	2
6:43029190|43024985(+)	0	4
6:56992555|56981777(+)	0	5
6:69239226|69045143(+)	0	1
6:71305721|71305440(+)	0	1
6:72313672|72299090(+)	0	1
6:75663518|75634681(+)	0	4
6:79481171|79493750(-)	0	5
6:80273221|80129161(+)	0	5
6:83142046|83140000(+)	0	2
6:85567534|85588950(-)	0	4
6:87398377|87348812(+)	0	2
6:96924805|96924997(-)	0	1
6:110860076|110860547(-)	0	1
6:117585011|117532260(+)	0	4
6:117585011|117544528(+)	0	1
6:135203324|135185903(+)	0	1
6:136611282|136642569(-)	0	1
6:149676260|149677620(-)	0	2
6:154944206|154773989(+)	0	2
6:158783572|158776487(+)	0	4
6:165902657|165910932(-)	0	2
7:722754|724864(-)	0	1
7:7786948|7673309(+)	0	4
7:7867614|7920295(-)	0	1
7:11382521|11411322(-)	0	4
7:26670091|26844137(-)	0	4
7:33054124|33053565(+)	0	3
7:39974819|39976042(-)	0	3
7:50761721|50780736(-)	0	4
7:65960952|65974441(-)	0	5
7:72106151|72137378(-)	0	2
7:72903204|72902766(+)	0	2
7:75020149|75018972(+)	0	3
7:76057422|76058018(-)	0	4
7:92070182|91992885(+)	0	2
7:100438502|100435721(+)	0	3
7:106657329|106657125(+)	0	4
7:123695823|123706826(-)	0	3
7:133707660|133707355(+)	0	1
7:134950514|134947683(+)	0	4
7:140124621|140133656(-)	0	5
7:140453243|140453478(-)	0	3
7:140454652|140472011(-)	0	2
7:148784077|148756968(+)	0	1
7:152330601|152344255(-)	0	1
7:154574173|154446214(+)	0	4
8:10485281|10477761(+)	0	2
8:11106179|11107618(-)	0	5
8:14820142|14823552(-)	0	1
8:16765354|16783282(-)	0	4
8:22410115|22408310(+)	0	2
8:28444880|28452476(-)	0	2
8:30784859|30799755(-)	0	3
8:41510399|41490833(+)	0	5
8:41679035|41680344(-)	0	2
8:47294030|47279902(+)	0	1
8:47294030|47291033(+)	0	4
8:60824016|60794986(+)	0	5
8:66474952|66471430(+)	0	5
8:100071405|100093509(-)	0	2
8:102289453|102293753(-)	0	4
8:103355211|103407784(-)	0	1
8:106742317|106737520(+)	0	3
8:124208116|124248693(-)	0	1
8:124543168|124549788(-)	0	1
8:129959543|129957133(+)	0	3
8:130152751|130136961(+)	0	1
8:141126206|141126471(-)	0	5
9:5737880|5914062(-)	0	5
9:7128236|6982629(+)	0	3
9:14960958|14990345(-)	0	1
9:27080989|27044742(+)	0	4
9:27274090|27286362(-)	0	2
9:28602146|28603638(-)	0	2
9:33166590|33307297(-)	0	4
9:36455908|36456131(-)	0	4
9:69715478|69717103(-)	0	1
9:83585553|83599064(-)	0	4
9:86301276|86346480(-)	0	5
9:112220329|112220147(+)	0	5
9:123065461|122996046(+)	0	4
9:124717783|124733349(-)	0	4
9:125216061|125215026(+)	0	2
9:131440156|131441445(-)	0	2
9:138004198|138003807(+)	0	2
X:20132182|20134007(-)	0	3
X:41134837|41123471(+)	0	5
X:48575667|48575168(+)	0	3
X:63307506|63343289(-)	0	1
X:71096624|71100701(-)	0	2
X:101897868|101904330(-)	0	2
X:103478136|103531184(-)	0	4
Y:18932743|18938539(-)	0	2
