database	clean_input	coordinate_system	decision_method	evidence_path	converted_output	unmapped_output	conversion_summary	final_output	notes
03_CIRCpedia	03_CIRCpedia/clean/03_CIRCpedia.circRNAs.clean.tsv	hg38_0based	tier1_coordinate_check	03_CIRCpedia/coordinate_check/03_CIRCpedia.coordinate_check.summary.tsv	03_CIRCpedia/processed/03_CIRCpedia.circRNAs.hg38_1based.tsv	03_CIRCpedia/processed/03_CIRCpedia.circRNAs.hg38_1based.unmapped.tsv	03_CIRCpedia/processed/03_CIRCpedia.circRNAs.hg38_1based.summary.tsv	03_CIRCpedia/processed/03_CIRCpedia.circRNAs.final.tsv	NA
04_CircBank	04_CircBank/clean/04_CircBank.circRNAs.clean.tsv	hg19_1based	tier1_coordinate_check	04_CircBank/coordinate_check/04_CircBank.coordinate_check.summary.tsv	04_CircBank/processed/04_CircBank.circRNAs.hg38_1based.tsv	04_CircBank/processed/04_CircBank.circRNAs.hg38_1based.unmapped.tsv	04_CircBank/processed/04_CircBank.circRNAs.hg38_1based.summary.tsv	04_CircBank/processed/04_CircBank.circRNAs.final.tsv	NA
05_deepbase	05_deepbase/clean/05_deepbase.circRNAs.clean.tsv	hg19_0based	tier1_coordinate_check	05_deepbase/coordinate_check/05_deepbase.coordinate_check.summary.tsv	05_deepbase/processed/05_deepbase.circRNAs.hg38_1based.tsv	05_deepbase/processed/05_deepbase.circRNAs.unmapped.tsv	05_deepbase/processed/05_deepbase.circRNAs.hg38_1based.summary.tsv	05_deepbase/processed/05_deepbase.circRNAs.final.tsv	Available 918-row browser export appears incomplete
10_ExoRBase	10_ExoRBase/clean/10_ExoRBase.circRNAs.clean.tsv	hg38_1based	tier1_coordinate_check	10_ExoRBase/coordinate_check/10_ExoRBase.coordinate_check.summary.tsv	10_ExoRBase/processed/10_ExoRBase.circRNAs.hg38_1based.tsv	10_ExoRBase/processed/10_ExoRBase.circRNAs.hg38_1based.unmapped.tsv	10_ExoRBase/processed/10_ExoRBase.circRNAs.hg38_1based.summary.tsv	10_ExoRBase/processed/10_ExoRBase.circRNAs.final.tsv	NA
11_BloodCircR	11_BloodCircR/clean/11_BloodCircR.circRNAs.clean.tsv	hg38_1based	tier1_coordinate_check	11_BloodCircR/coordinate_check/11_BloodCircR.coordinate_check.summary.tsv	11_BloodCircR/processed/11_BloodCircR.circRNAs.hg38_1based.tsv	11_BloodCircR/processed/11_BloodCircR.circRNAs.hg38_1based.unmapped.tsv	11_BloodCircR/processed/11_BloodCircR.circRNAs.hg38_1based.summary.tsv	11_BloodCircR/processed/11_BloodCircR.circRNAs.final.tsv	NA
16_CircRNADb	16_CircRNADb/clean/16_CircRNADb.circRNAs.clean.tsv	hg19_0based	tier1_coordinate_check	16_CircRNADb/coordinate_check/16_CircRNADb.coordinate_check.summary.tsv	16_CircRNADb/processed/16_CircRNADb.circRNAs.hg38_1based.tsv	16_CircRNADb/processed/16_CircRNADb.circRNAs.hg38_1based.unmapped.tsv	16_CircRNADb/processed/16_CircRNADb.circRNAs.hg38_1based.summary.tsv	16_CircRNADb/processed/16_CircRNADb.circRNAs.final.tsv	NA
17_TransCirc	17_TransCirc/clean/17_TransCirc.circRNAs.clean.tsv	hg38_1based	tier1_coordinate_check	17_TransCirc/coordinate_check/17_TransCirc.coordinate_check.summary.tsv	17_TransCirc/processed/17_TransCirc.circRNAs.hg38_1based.tsv	17_TransCirc/processed/17_TransCirc.circRNAs.hg38_1based.unmapped.tsv	17_TransCirc/processed/17_TransCirc.circRNAs.hg38_1based.summary.tsv	17_TransCirc/processed/17_TransCirc.circRNAs.final.tsv	NA
18_riboCIRC	18_riboCIRC/clean/18_riboCIRC.circRNAs.clean.tsv	hg38_0based	provisional_tier2_without_self	18_riboCIRC/coordinate_check_2/18_riboCIRC.coordinate_check.summary.tsv	18_riboCIRC/processed/18_riboCIRC.circRNAs.hg38_1based.tsv	18_riboCIRC/processed/18_riboCIRC.circRNAs.hg38_1based.unmapped.tsv	18_riboCIRC/processed/18_riboCIRC.circRNAs.hg38_1based.summary.tsv	18_riboCIRC/processed/18_riboCIRC.circRNAs.final.tsv	Initial tier1 check was mixed; provisional tier2 check supports hg38_0based
21_CircTarget	21_CircTarget/clean/21_CircTarget.circRNAs.clean.tsv	hg38_1based	tier1_coordinate_check	21_CircTarget/coordinate_check/21_CircTarget.coordinate_check.summary.tsv	21_CircTarget/processed/21_CircTarget.circRNAs.hg38_1based.tsv	21_CircTarget/processed/21_CircTarget.circRNAs.hg38_1based.unmapped.tsv	21_CircTarget/processed/21_CircTarget.circRNAs.hg38_1based.summary.tsv	21_CircTarget/processed/21_CircTarget.circRNAs.final.tsv	NA
23_CircNet	23_CircNet/clean/23_CircNet.circRNAs.clean.tsv	hg38_1based	tier1_coordinate_check	23_CircNet/coordinate_check/23_CircNet.coordinate_check.summary.tsv	23_CircNet/processed/23_CircNet.circRNAs.hg38_1based.tsv	23_CircNet/processed/23_CircNet.circRNAs.hg38_1based.unmapped.tsv	23_CircNet/processed/23_CircNet.circRNAs.hg38_1based.summary.tsv	23_CircNet/processed/23_CircNet.circRNAs.final.tsv	NA
26_CSCD2	26_CSCD2/clean/26_CSCD2.circRNAs.clean.tsv	hg38_0based	manual_override	26_CSCD2/coordinate_check/26_CSCD2.coordinate_check.summary.tsv	26_CSCD2/processed/26_CSCD2.circRNAs.hg38_1based.tsv	26_CSCD2/processed/26_CSCD2.circRNAs.hg38_1based.unmapped.tsv	26_CSCD2/processed/26_CSCD2.circRNAs.hg38_1based.summary.tsv	26_CSCD2/processed/26_CSCD2.circRNAs.final.tsv	Overall check is mixed; predefined hg38_0based interpretation retained
27_TCCIA	27_TCCIA/clean/27_TCCIA.circRNAs.clean.tsv	hg38_0based	tier1_coordinate_check	27_TCCIA/coordinate_check/27_TCCIA.coordinate_check.summary.tsv	27_TCCIA/processed/27_TCCIA.circRNAs.hg38_1based.tsv	27_TCCIA/processed/27_TCCIA.circRNAs.hg38_1based.unmapped.tsv	27_TCCIA/processed/27_TCCIA.circRNAs.hg38_1based.summary.tsv	27_TCCIA/processed/27_TCCIA.circRNAs.final.tsv	NA
33_CircMine	33_CircMine/clean/33_CircMine.circRNAs.clean.tsv	hg38_0based	tier1_coordinate_check	33_CircMine/coordinate_check/33_CircMine.coordinate_check.summary.tsv	33_CircMine/processed/33_CircMine.circRNAs.hg38_1based.tsv	33_CircMine/processed/33_CircMine.circRNAs.hg38_1based.unmapped.tsv	33_CircMine/processed/33_CircMine.circRNAs.hg38_1based.summary.tsv	33_CircMine/processed/33_CircMine.circRNAs.final.tsv	NA
36_CircAge	36_CircAge/clean/36_CircAge.circRNAs.clean.tsv	hg38_0based	tier1_coordinate_check	36_CircAge/coordinate_check/36_CircAge.coordinate_check.summary.tsv	36_CircAge/processed/36_CircAge.circRNAs.hg38_1based.tsv	36_CircAge/processed/36_CircAge.circRNAs.hg38_1based.unmapped.tsv	36_CircAge/processed/36_CircAge.circRNAs.hg38_1based.summary.tsv	36_CircAge/processed/36_CircAge.circRNAs.final.tsv	NA
37_CIRIonco	37_CIRIonco/clean/37_CIRIonco.circRNAs.clean.tsv	hg38_1based	tier1_coordinate_check	37_CIRIonco/coordinate_check/37_CIRIonco.coordinate_check.summary.tsv	37_CIRIonco/processed/37_CIRIonco.circRNAs.hg38_1based.tsv	37_CIRIonco/processed/37_CIRIonco.circRNAs.hg38_1based.unmapped.tsv	37_CIRIonco/processed/37_CIRIonco.circRNAs.hg38_1based.summary.tsv	37_CIRIonco/processed/37_CIRIonco.circRNAs.final.tsv	NA
38_Circ2Traits	38_Circ2Traits/clean/38_Circ2Traits.circRNAs.clean.tsv	hg19_0based	tier1_coordinate_check	38_Circ2Traits/coordinate_check/38_Circ2Traits.coordinate_check.summary.tsv	38_Circ2Traits/processed/38_Circ2Traits.circRNAs.hg38_1based.tsv	38_Circ2Traits/processed/38_Circ2Traits.circRNAs.hg38_1based.unmapped.tsv	38_Circ2Traits/processed/38_Circ2Traits.circRNAs.hg38_1based.summary.tsv	38_Circ2Traits/processed/38_Circ2Traits.circRNAs.final.tsv	NA
39_CircASbase	39_CircASbase/clean/39_CircASbase.circRNAs.clean.tsv	hg19_1based	tier1_coordinate_check	39_CircASbase/coordinate_check/39_CircASbase.coordinate_check.summary.tsv	39_CircASbase/processed/39_CircASbase.circRNAs.hg38_1based.tsv	39_CircASbase/processed/39_CircASbase.circRNAs.hg38_1based.unmapped.tsv	39_CircASbase/processed/39_CircASbase.circRNAs.hg38_1based.summary.tsv	39_CircASbase/processed/39_CircASbase.circRNAs.final.tsv	NA
40_CircAI	40_CircAI/clean/40_CircAI.circRNAs.clean.tsv	hg19_1based	tier1_coordinate_check	40_CircAI/coordinate_check/40_CircAI.coordinate_check.summary.tsv	40_CircAI/processed/40_CircAI.circRNAs.hg38_1based.tsv	40_CircAI/processed/40_CircAI.circRNAs.hg38_1based.unmapped.tsv	40_CircAI/processed/40_CircAI.circRNAs.hg38_1based.summary.tsv	40_CircAI/processed/40_CircAI.circRNAs.final.tsv	NA
43_circRNADisease	43_circRNADisease/clean/43_circRNADisease.circRNAs.clean.tsv	hg38_1based	reference_lookup	01_circBase/processed/01_circBase.circRNAs.final.tsv	NA	NA	NA	43_circRNADisease/processed/43_circRNADisease.circRNAs.final.tsv	Coordinates and strand are inherited from circBase final; no coordinate check or liftOver
