original_chrom	original_start	original_end	original_strand	chrom	start	end
chr1	23382892	23383042	NA	chr6	71289093	71288946
chr1	36532621	36534069	NA	chr2	96840827	96842139
chr1	59076673	59077937	NA	chr2	201603226	201604665
chr1	65107539	65107667	NA	chr2	208168679	208168813
chr1	67123201	67123290	NA	chr2	210556770	210556859
chr1	73015785	73015820	NA	chr2	216859956	216859991
chr1	75363561	75363644	NA	chr2	219421430	219421513
chr1	85907016	85907126	NA	chr2	230877408	230877518
chr1	92858650	92858753	NA	chr2	240466391	240466495
chr1	93016515	93016653	NA	chr2	240714943	240715085
chr1	135751507	135751622	NA	chr1	201484312	201484172
chr1	135768714	135768868	NA	chr1	201465920	201465756
chr1	171226143	171226281	NA	chr1	161222522	161222390
chr1	172217894	172219522	NA	chr1	160192882	160190920
chr1	175614737	175614847	NA	chr1	241511967	241512077
chr2	3409210	3409290	NA	chr10	14972626	14972546
chr2	3409225	3409276	NA	chr10	14972611	14972560
chr2	10119467	10119541	NA	chr10	7717788	7717714
chr2	28695907	28696011	NA	chr9	132884091	132883987
chr2	32082902	32083025	NA	chr9	131276175	131276303
chr2	32926091	32926277	NA	chr9	127503666	127503453
chr2	35182225	35182386	NA	chr9	121181351	121181512
chr2	39000617	39000740	NA	chr9	124856469	124856592
chr2	52398174	52398290	NA	chr2	151799018	151799141
chr2	75676849	75676975	NA	chr2	177231670	177231796
chr2	76717717	76717838	NA	chr2	178539488	178539609
chr2	76863284	76863394	NA	chr2	178695875	178695985
chr2	83879531	83879674	NA	chr2	186761903	186762046
chr2	84773508	84773615	NA	chr11	57600030	57599908
chr2	103474334	103474420	NA	chr11	34451094	34451008
chr2	113788750	113791912	NA	chr15	32684655	32679883
chr2	114049515	114049623	NA	chr15	34792408	34792516
chr2	118476055	118476214	NA	chr15	40036131	40036329
chr2	119605541	119605692	NA	chr15	41304635	41304787
chr2	130173649	130175424	NA	chr20	2463789	2465802
chr2	131178421	131178522	NA	chr20	3785028	3785135
chr2	142712711	142712848	NA	chr20	16379833	16379973
chr2	143988271	143988360	NA	chr20	17658719	17658778
chr2	152830514	152830588	NA	chr20	31722749	31722827
chr2	153331985	153332090	NA	chr20	32333205	32333315
chr2	154857369	154857511	NA	chr20	34072166	34072308
chr2	155663657	155663778	NA	chr20	35049866	35049987
chr2	164777472	164777821	NA	chr20	45823991	45824382
chr2	166894782	166894883	NA	chr20	49033193	49033318
chr2	181551811	181551952	NA	chr20	63934382	63934582
chr3	16216170	16216307	NA	chr8	63211928	63212063
chr3	27242447	27242579	NA	chr3	172632847	172632666
chr3	67395252	67395349	NA	chr3	158600014	158600111
chr3	83031113	83031253	NA	chr4	154586638	154586462
chr3	83031777	83031884	NA	chr4	154585797	154585630
chr3	84208359	84210294	NA	chr4	153275945	153270398
chr3	87915078	87915312	NA	chr1	156743256	156742947
chr3	90260720	90260924	NA	chr1	153951643	153951439
chr3	92080336	92080429	NA	chr1	153262061	153261976
chr3	92588829	92588910	NA	chr1	152878446	152878400
chr3	105679483	105679546	NA	chr1	111765969	111765903
chr3	108012557	108012597	NA	chr1	109674975	109674927
chr3	108619067	108619227	NA	chr1	109011141	109010981
chr3	116293923	116294024	NA	chr1	100499092	100498991
chr3	157894560	157894617	NA	chr1	70439382	70439321
chr4	11170232	11170396	NA	chr8	94930198	94930039
chr4	42868535	42868624	NA	chr9	34889417	34889512
chr4	43515606	43515724	NA	chr9	35682840	35682970
chr4	43522747	43523309	NA	chr9	35689218	35689772
chr4	96659481	96659587	NA	chr1	59912198	59912268
chr4	99981900	99982004	NA	chr1	63651685	63651789
chr4	101618591	101618753	NA	chr1	65392628	65392790
chr4	115626813	115626879	NA	chr1	46817175	46817109
