circRNA_id	chrom	start	end	strand	gene_symbol	coordinate_classification	matched_candidate_types	best_candidate_type	matched_base_ids	matched_base_coordinates	matched_base_database_counts	matched_base_databases	liftover_status	notes
mmu-circRNA-30365	chr5	34439311	34440590	+	NA	mm10_1based	mm10_1based	mm10_1based	mm10_1based:base_row_159872	mm10_1based:chr5:34439311-34440590:+	mm10_1based:6	mm10_1based:02_circAtlas,03_CIRCpedia,04_CircBank,07_FL-circAS,39_CircASbase,40_CircAI	mm9_1based:ok;mm9_0based:ok	
mmu-circRNA-33736	chr6	99632257	99640710	-	NA	mm10_1based	mm10_1based	mm10_1based	mm10_1based:base_row_207980	mm10_1based:chr6:99632257-99640710:-	mm10_1based:7	mm10_1based:01_circBase,02_circAtlas,03_CIRCpedia,04_CircBank,07_FL-circAS,39_CircASbase,40_CircAI	mm9_1based:ok;mm9_0based:ok	
mmu-circRNA-2483	chr11	106096997	106123912	+	NA	unmatched					NA	NA	mm9_1based:ok;mm9_0based:ok	
mmu-circRNA-36866	chr8	22175001	22175959	-	NA	mm10_1based	mm10_1based	mm10_1based	mm10_1based:base_row_258664	mm10_1based:chr8:22175001-22175959:-	mm10_1based:5	mm10_1based:02_circAtlas,03_CIRCpedia,04_CircBank,39_CircASbase,40_CircAI	mm9_1based:ok;mm9_0based:ok	
mmu-circRNA-33186	chr6	8373906	8427185	+	NA	mm10_1based	mm10_1based	mm10_1based	mm10_1based:base_row_190852	mm10_1based:chr6:8373906-8427185:+	mm10_1based:6	mm10_1based:02_circAtlas,03_CIRCpedia,04_CircBank,07_FL-circAS,39_CircASbase,40_CircAI	mm9_1based:ok;mm9_0based:ok	
mmu-circRNA-2443	chr11	105221186	105241661	+	NA	mm10_1based	mm10_1based	mm10_1based	mm10_1based:base_row_380153	mm10_1based:chr11:105221186-105241661:+	mm10_1based:6	mm10_1based:02_circAtlas,03_CIRCpedia,04_CircBank,07_FL-circAS,39_CircASbase,40_CircAI	mm9_1based:ok;mm9_0based:ok	
mmu-circRNA-7063	chr13	116893000	116902856	-	NA	mm10_1based	mm10_1based	mm10_1based	mm10_1based:base_row_434446	mm10_1based:chr13:116893000-116902856:-	mm10_1based:6	mm10_1based:02_circAtlas,03_CIRCpedia,04_CircBank,07_FL-circAS,39_CircASbase,40_CircAI	mm9_1based:ok;mm9_0based:ok	
circRNA_100782	chr11	33307958	33309057	NA	NA	unmatched					NA	NA	mm9_1based:ok;mm9_0based:ok	
mmu_circRNA_19423	chr4	185508196	185511212	-	Eefsec	unmatched					NA	NA	mm9_1based:unmapped;mm9_0based:unmapped	mm9_1based:one or both BSJ boundaries did not liftOver;mm9_0based:one or both BSJ boundaries did not liftOver
mmu_circRNA_30664	chr9	8717771	8721951	+	C3	unmatched					NA	NA	mm9_1based:ok;mm9_0based:ok	
mmu_circ_0000290	chr11	75203573	75204729	+	Smyd4	mm9_0based	mm9_0based	mm9_0based	mm9_0based:base_row_365865	mm9_0based:chr11:75390072-75391227:+	mm9_0based:7	mm9_0based:01_circBase,02_circAtlas,03_CIRCpedia,04_CircBank,07_FL-circAS,39_CircASbase,40_CircAI	mm9_1based:ok;mm9_0based:ok	
mmu_circ_0001351	chr5	66362717	66365120	-	Apbb2	mm10_0based	mm10_0based	mm10_0based	mm10_0based:base_row_165171	mm10_0based:chr5:66362718-66365120:-	mm10_0based:7	mm10_0based:01_circBase,02_circAtlas,03_CIRCpedia,04_CircBank,07_FL-circAS,39_CircASbase,40_CircAI	mm9_1based:ok;mm9_0based:ok	
mmu_circ_0001046	chr2	91805023	91825352	+	Ambra1	mm10_0based	mm10_0based	mm10_0based	mm10_0based:base_row_66342	mm10_0based:chr2:91805024-91825352:+	mm10_0based:7	mm10_0based:01_circBase,02_circAtlas,03_CIRCpedia,04_CircBank,07_FL-circAS,39_CircASbase,40_CircAI	mm9_1based:ok;mm9_0based:ok	
mm9_circ_002279	chrX	95898264	95899700	+	Zc3h12b	mm10_0based	mm10_0based	mm10_0based	mm10_0based:base_row_570261	mm10_0based:chrX:95898265-95899700:+	mm10_0based:7	mm10_0based:01_circBase,02_circAtlas,03_CIRCpedia,04_CircBank,07_FL-circAS,39_CircASbase,40_CircAI	mm9_1based:ok;mm9_0based:ok	
mm9_circ_004772	chr14	77365025	77380688	+	Enox1	mm10_0based	mm10_0based	mm10_0based	mm10_0based:base_row_451943	mm10_0based:chr14:77365026-77380688:+	mm10_0based:5	mm10_0based:01_circBase,02_circAtlas,03_CIRCpedia,04_CircBank,07_FL-circAS	mm9_1based:ok;mm9_0based:ok	
mm9_circ_012164	chr13	23739382	23739448	+	Hist1h1c	mm10_0based	mm10_0based	mm10_0based	mm10_0based:base_row_417013	mm10_0based:chr13:23739383-23739448:+	mm10_0based:2	mm10_0based:01_circBase,04_CircBank	mm9_1based:ok;mm9_0based:ok	
mm9_circ_008472	chr1	195018600	195024406	+	A330023F24Rik	mm10_0based	mm10_0based	mm10_0based	mm10_0based:base_row_41402	mm10_0based:chr1:195018601-195024406:+	mm10_0based:7	mm10_0based:01_circBase,02_circAtlas,03_CIRCpedia,04_CircBank,07_FL-circAS,39_CircASbase,40_CircAI	mm9_1based:ok;mm9_0based:ok	
mmu_circ_0000254	chr11	43518035	43518979	+	Pwwp2a	mm9_0based	mm9_0based	mm9_0based	mm9_0based:base_row_354446	mm9_0based:chr11:43704534-43705477:+	mm9_0based:7	mm9_0based:01_circBase,02_circAtlas,03_CIRCpedia,04_CircBank,07_FL-circAS,39_CircASbase,40_CircAI	mm9_1based:ok;mm9_0based:ok	
circRar1	chr1	75418457	75418970	+	NA	mm10_0based	mm10_0based	mm10_0based	mm10_0based:base_row_16076	mm10_0based:chr1:75418458-75418970:+	mm10_0based:2	mm10_0based:03_CIRCpedia,07_FL-circAS	mm9_1based:ok;mm9_0based:ok	
circRNA_Atp9b	chr18	80795290	80877373	-	Atp9b	mm10_1based	mm10_1based	mm10_1based	mm10_1based:base_row_542799	mm10_1based:chr18:80795290-80877373:-	mm10_1based:6	mm10_1based:02_circAtlas,03_CIRCpedia,04_CircBank,07_FL-circAS,39_CircASbase,40_CircAI	mm9_1based:ok;mm9_0based:ok	
mmu_circ_0000375	chr12	52860205	52862157	-	Hectd1	mm9_0based	mm9_0based	mm9_0based	mm9_0based:base_row_395581	mm9_0based:chr12:51759219-51761170:-	mm9_0based:7	mm9_0based:01_circBase,02_circAtlas,03_CIRCpedia,04_CircBank,07_FL-circAS,39_CircASbase,40_CircAI	mm9_1based:ok;mm9_0based:ok	
mmu_circ_0015698	chr9	55705887	55707725	-	Scaper	mm9_0based	mm9_0based	mm9_0based	mm9_0based:base_row_294586	mm9_0based:chr9:55858081-55859918:-	mm9_0based:7	mm9_0based:01_circBase,02_circAtlas,03_CIRCpedia,04_CircBank,07_FL-circAS,39_CircASbase,40_CircAI	mm9_1based:ok;mm9_0based:ok	
mmu_circ_0001098	chr2	156571570	156575092	+	Dlgap4	mm9_0based	mm9_0based	mm9_0based	mm9_0based:base_row_83792	mm9_0based:chr2:156745835-156749356:+	mm9_0based:7	mm9_0based:01_circBase,02_circAtlas,03_CIRCpedia,04_CircBank,07_FL-circAS,39_CircASbase,40_CircAI	mm9_1based:ok;mm9_0based:ok	
mmu_circ_0001544	chr7	17005506	17006856	+	Zc3h4	mm9_0based	mm9_0based	mm9_0based	mm9_0based:base_row_221197	mm9_0based:chr7:16420158-16421507:+	mm9_0based:7	mm9_0based:01_circBase,02_circAtlas,03_CIRCpedia,04_CircBank,07_FL-circAS,39_CircASbase,40_CircAI	mm9_1based:ok;mm9_0based:ok	
mmu_circ_0001052	chr2	104310905	104312004	-	Hipk3	mm9_0based	mm9_0based	mm9_0based	mm9_0based:base_row_68463	mm9_0based:chr2:104470749-104471847:-	mm9_0based:8	mm9_0based:01_circBase,02_circAtlas,03_CIRCpedia,04_CircBank,07_FL-circAS,18_riboCIRC,39_CircASbase,40_CircAI	mm9_1based:ok;mm9_0based:ok	
mmu_circ_0001878	chrX	58436422	58439349	+	Cdr1	mm9_0based	mm9_0based	mm9_0based	mm9_0based:base_row_566791	mm9_0based:chrX:61183248-61186174:+	mm9_0based:8	mm9_0based:01_circBase,02_circAtlas,03_CIRCpedia,04_CircBank,07_FL-circAS,21_CircTarget,39_CircASbase,40_CircAI	mm9_1based:ok;mm9_0based:ok	
circRNA.33186	chr6	8373906	8427185	+	Umad1	mm10_1based	mm10_1based	mm10_1based	mm10_1based:base_row_190852	mm10_1based:chr6:8373906-8427185:+	mm10_1based:6	mm10_1based:02_circAtlas,03_CIRCpedia,04_CircBank,07_FL-circAS,39_CircASbase,40_CircAI	mm9_1based:ok;mm9_0based:ok	
mmu_circ_0001335	chr5	34185760	34188916	+	Nsd2	mm9_0based	mm9_0based	mm9_0based	mm9_0based:base_row_159448	mm9_0based:chr5:33843112-33846267:+	mm9_0based:7	mm9_0based:01_circBase,02_circAtlas,03_CIRCpedia,04_CircBank,07_FL-circAS,39_CircASbase,40_CircAI	mm9_1based:ok;mm9_0based:ok	
mmu_circ_0003925	chr12	35074109	35078270	-	Hdac9	mm9_0based	mm9_0based	mm9_0based	mm9_0based:base_row_393330	mm9_0based:chr12:34389245-34393405:-	mm9_0based:7	mm9_0based:01_circBase,02_circAtlas,03_CIRCpedia,04_CircBank,07_FL-circAS,39_CircASbase,40_CircAI	mm9_1based:ok;mm9_0based:ok	
CircZFP644	chr5	106634831	106638635	-	ZFP644	mm10_1based	mm10_1based	mm10_1based	mm10_1based:base_row_172918	mm10_1based:chr5:106634831-106638635:-	mm10_1based:7	mm10_1based:01_circBase,02_circAtlas,03_CIRCpedia,04_CircBank,07_FL-circAS,39_CircASbase,40_CircAI	mm9_1based:ok;mm9_0based:ok	
CircAMY2a5	chr3	113256960	113258035	-	AMY2a5	unmatched					NA	NA	mm9_1based:ok;mm9_0based:ok	
CircDTNB	chr12	3617606	3648389	+	Dtnb	ambiguous	mm10_1based,mm9_1based		mm10_1based:base_row_387700;mm9_1based:base_row_387700	mm10_1based:chr12:3617606-3648389:+;mm9_1based:chr12:3617606-3648389:+	mm10_1based:8;mm9_1based:8	mm10_1based:01_circBase,02_circAtlas,03_CIRCpedia,04_CircBank,07_FL-circAS,18_riboCIRC,39_CircASbase,40_CircAI;mm9_1based:01_circBase,02_circAtlas,03_CIRCpedia,04_CircBank,07_FL-circAS,18_riboCIRC,39_CircASbase,40_CircAI	mm9_1based:ok;mm9_0based:ok	
CircCELA3b	chr4	137404385	137423389	-	CELA3b	mm10_1based	mm10_1based	mm10_1based	mm10_1based:base_row_144252	mm10_1based:chr4:137404385-137423389:-	mm10_1based:2	mm10_1based:02_circAtlas,04_CircBank	mm9_1based:ok;mm9_0based:ok	
CircARHGEF38	chr3	133137266	133149650	-	ARHGEF38	mm10_1based	mm10_1based	mm10_1based	mm10_1based:base_row_113223	mm10_1based:chr3:133137266-133149650:-	mm10_1based:3	mm10_1based:02_circAtlas,03_CIRCpedia,04_CircBank	mm9_1based:ok;mm9_0based:ok	
CircSRPK2	chr5	23540375	23565265	-	Srpk2	mm10_1based	mm10_1based	mm10_1based	mm10_1based:base_row_155344	mm10_1based:chr5:23540375-23565265:-	mm10_1based:7	mm10_1based:01_circBase,02_circAtlas,03_CIRCpedia,04_CircBank,07_FL-circAS,39_CircASbase,40_CircAI	mm9_1based:ok;mm9_0based:ok	
mmu_circ_0000120	chr1	180608956	180609490	+	Kif26b	mm9_0based	mm9_0based	mm9_0based	mm9_0based:base_row_37433	mm9_0based:chr1:178678826-178679359:+	mm9_0based:7	mm9_0based:01_circBase,02_circAtlas,03_CIRCpedia,04_CircBank,07_FL-circAS,39_CircASbase,40_CircAI	mm9_1based:ok;mm9_0based:ok	
mmu_circ_0000512	chr14	26322140	26401159	+	Zmiz1	mm9_0based	mm9_0based	mm9_0based	mm9_0based:base_row_438801	mm9_0based:chr14:25502655-25581673:+	mm9_0based:7	mm9_0based:01_circBase,02_circAtlas,03_CIRCpedia,04_CircBank,07_FL-circAS,39_CircASbase,40_CircAI	mm9_1based:ok;mm9_0based:ok	
mmu_circ_0001204	chr4	48617452	48630203	+	Tmeff1	mm9_0based	mm9_0based	mm9_0based	mm9_0based:base_row_124058	mm9_0based:chr4:48604581-48617331:+	mm9_0based:8	mm9_0based:01_circBase,02_circAtlas,03_CIRCpedia,04_CircBank,07_FL-circAS,36_CircAge,39_CircASbase,40_CircAI	mm9_1based:ok;mm9_0based:ok	
mmu_circ_0001645	chr7	142065740	142067998	+	Dock1	mm9_0based	mm9_0based	mm9_0based	mm9_0based:base_row_252650	mm9_0based:chr7:134874058-134876315:+	mm9_0based:6	mm9_0based:01_circBase,02_circAtlas,03_CIRCpedia,04_CircBank,39_CircASbase,40_CircAI	mm9_1based:ok;mm9_0based:ok	
mmu_circ_0012530	chr5	31194830	31194953	+	Agbl5	mm9_0based	mm9_0based	mm9_0based	mm9_0based:base_row_157970	mm9_0based:chr5:30892458-30892580:+	mm9_0based:2	mm9_0based:01_circBase,04_CircBank	mm9_1based:ok;mm9_0based:ok	
mmu_circ_0001632	chr7	137362511	137386158	-	Fgfr2	mm9_0based	mm9_0based	mm9_0based	mm9_0based:base_row_251158	mm9_0based:chr7:130218998-130242644:-	mm9_0based:7	mm9_0based:01_circBase,02_circAtlas,03_CIRCpedia,04_CircBank,07_FL-circAS,39_CircASbase,40_CircAI	mm9_1based:ok;mm9_0based:ok	
mmu_circ_0001351	chr5	66753956	66756359	-	Apbb2	mm9_0based	mm9_0based	mm9_0based	mm9_0based:base_row_165171	mm9_0based:chr5:66362718-66365120:-	mm9_0based:7	mm9_0based:01_circBase,02_circAtlas,03_CIRCpedia,04_CircBank,07_FL-circAS,39_CircASbase,40_CircAI	mm9_1based:ok;mm9_0based:ok	
mmu_circ_0003411	chr17	29483000	29490394	+	NF1	unmatched					NA	NA	mm9_1based:ok;mm9_0based:ok	
circ949	chr14	30346797	30350949	NA	NA	unmatched					NA	NA	mm9_1based:ok;mm9_0based:ok	
circ057	chr6	99003199	99100057	NA	NA	unmatched					NA	NA	mm9_1based:ok;mm9_0based:ok	
chr1:179033093|179061227	chr1	179033093	179061227	NA	NA	unmatched					NA	NA	mm9_1based:ok;mm9_0based:ok	
chr3:138209285|138218455	chr3	138209285	138218455	NA	NA	unmatched					NA	NA	mm9_1based:ok;mm9_0based:ok	
chr19:5801227|5801816	chr19	5801227	5801816	NA	NA	unmatched					NA	NA	mm9_1based:ok;mm9_0based:ok	
chr1:13628312|13640965	chr1	13628312	13640965	NA	NA	unmatched					NA	NA	mm9_1based:ok;mm9_0based:ok	
chr5:24371897|24376910	chr5	24371897	24376910	NA	NA	unmatched					NA	NA	mm9_1based:ok;mm9_0based:ok	
chr2:126906266|126911818	chr2	126906266	126911818	NA	NA	unmatched					NA	NA	mm9_1based:ok;mm9_0based:ok	
mmu_circ_0011794	chr4	81996292	81999547	-	Nfib	mm9_0based	mm9_0based	mm9_0based	mm9_0based:base_row_128471	mm9_0based:chr4:82350389-82353643:-	mm9_0based:7	mm9_0based:01_circBase,02_circAtlas,03_CIRCpedia,04_CircBank,07_FL-circAS,39_CircASbase,40_CircAI	mm9_1based:ok;mm9_0based:ok	
mmu_circ_0000904	chr18	81055282	81114617	-	NA	mm9_0based	mm9_0based	mm9_0based	mm9_0based:base_row_542879	mm9_0based:chr18:80858544-80917878:-	mm9_0based:8	mm9_0based:01_circBase,02_circAtlas,03_CIRCpedia,04_CircBank,07_FL-circAS,21_CircTarget,39_CircASbase,40_CircAI	mm9_1based:ok;mm9_0based:ok	
mmu_circ_0000790	chr17	39983448	39983608	-	NA	mm9_0based	mm9_0based	mm9_0based	mm9_0based:base_row_513964	mm9_0based:chr17:39846504-39846663:-	mm9_0based:5	mm9_0based:01_circBase,02_circAtlas,04_CircBank,39_CircASbase,40_CircAI	mm9_1based:ok;mm9_0based:ok	
mmu_circ_0000250	chr11	29605534	29608770	+	Rtn4	mm9_0based	mm9_0based	mm9_0based	mm9_0based:base_row_351610	mm9_0based:chr11:29705535-29708770:+	mm9_0based:7	mm9_0based:01_circBase,02_circAtlas,03_CIRCpedia,04_CircBank,07_FL-circAS,39_CircASbase,40_CircAI	mm9_1based:ok;mm9_0based:ok	
mmu_circ_0000955	chr19	45705354	45715011	-	Fbxw4	mm9_0based	mm9_0based	mm9_0based	mm9_0based:base_row_558291	mm9_0based:chr19:45630865-45640521:-	mm9_0based:7	mm9_0based:01_circBase,02_circAtlas,03_CIRCpedia,04_CircBank,07_FL-circAS,39_CircASbase,40_CircAI	mm9_1based:ok;mm9_0based:ok	
mmu_circ_0000840	chr18	6111682	6115848	-	Arhgap12	mm9_0based	mm9_0based	mm9_0based	mm9_0based:base_row_527458	mm9_0based:chr18:6111685-6115850:-	mm9_0based:8	mm9_0based:01_circBase,02_circAtlas,03_CIRCpedia,04_CircBank,07_FL-circAS,36_CircAge,39_CircASbase,40_CircAI	mm9_1based:ok;mm9_0based:ok	
mmu_circ_0000491	chr13	94111710	94126034	+	Homer1	mm9_0based	mm9_0based	mm9_0based	mm9_0based:base_row_428870	mm9_0based:chr13:93341756-93356079:+	mm9_0based:7	mm9_0based:01_circBase,02_circAtlas,03_CIRCpedia,04_CircBank,07_FL-circAS,39_CircASbase,40_CircAI	mm9_1based:ok;mm9_0based:ok	
hsa_circ_0002577	chr1	224599128	224607317	-	WDR26	unmatched					NA	NA	mm9_1based:unmapped;mm9_0based:unmapped	mm9_1based:one or both BSJ boundaries did not liftOver;mm9_0based:one or both BSJ boundaries did not liftOver
hsa_circ_0000064	chr1	44446997	44447136	-	B4GALT2	unmatched					NA	NA	mm9_1based:ok;mm9_0based:ok	
hsa_circ_0081108	chr7	94035561	94055363	+	COL1A2	unmatched					NA	NA	mm9_1based:ok;mm9_0based:ok	
circHomer1	chr5	78734832	78752841	-	HOMER1	unmatched					NA	NA	mm9_1based:ok;mm9_0based:ok	
mmu_circ_0014738	chr8	26270116	26288466	-	Tacc1	mm9_0based	mm9_0based	mm9_0based	mm9_0based:base_row_259546	mm9_0based:chr8:25159645-25177994:-	mm9_0based:6	mm9_0based:01_circBase,02_circAtlas,04_CircBank,07_FL-circAS,39_CircASbase,40_CircAI	mm9_1based:ok;mm9_0based:ok	
