Corrected experimental technique	Original values
Actinomycin D treatment	Actinomycin D assay, Actinomycin D and RNase R treatment, Actinomycin D treatment
Alizarin red staining	Western blot and Alizarin red staining
ALP assay	Cell transfection and ALP measurement
Animal experiment	Routine in vitro and in vivo assays, Animal Experiments, In vivo experiment, Transwell assay and animal experiments, In vivo chemosensitivity assay, In vivo animal model and growth and metastasis assays, In vivo Assay
Apoptosis assay	Cell apoptosis assay, Cellular apoptosis assay, apoptosis, Apoptosis assay, Cell cycle apoptosis assay, Cell apoptosis analysis, annexin V/propidium iodide assay, Proliferation and apoptosis assay, Cell Apoptosis assay, Cell death assay, Cell cycle and apoptosis assays, Cell Apoptosis Assays, Cell Apoptosis Assay, Cell Apoptosis and Cell Cycle Assays
ATP assay	ATP level assay
beta-catenin signaling agonist treatment	Agonist of beta-catenin Signaling and RUNX3 Plasmid Construction
Bioinformatics analysis	Bioinformatics and statistical analysis, Bioinformatics analysis
BrdU assay	BrdU staining, BrdU incorporation assay, BrdU assay, BrdU Incorporation assay
Caspase activity assay	Caspase-3 activity and flow cytometry, Caspase-3 activity assay, Caspase_3 activity assay, Caspase 3 activity assay, Caspase-3/caspase-9 activity assay
CCK-8 assay	CCK-8, CCK-8 assay, CCK8 assay, CCK-8 proliferation assay, CCK-8 assays, CCK8, Cell Counting Kit_8 assay, CCK-8 Assay, CCK_8 assay, Cell Counting Kit 8 assay, CCK-8 Test, CCK-8 and Colony Formation assay, CCK-8 Assays, CCK 8 assay, CCK8 assays, Cell Counting Kit-8
CCK-9 assay	CCK-9 assay
Cell adhesion assay	Transwell and cell adhesion assays
Cell cycle assay	Cell cycle apoptosis assay, Cell Cycle assay, Cell cycle detection, Cell-Cycle Analysis, Cell cycle analysis, Cell cycle assay, Cell cycle and apoptosis assays, Cell Apoptosis and Cell Cycle Assays
Cell invasion assay	Invasion assay, Cell invasion assay, Cell migration and invasion assay, In vitro cell migration and invasion assay, Migration and invasion assay, Cell Migration assay and Cell Invasion assay, Cell proliferation and invasion assay, Cells migration and invasion assay, invasion assay, Cell Migration and Invasion assay, Cell Migration and Invasion Assay, Cell invasion and metastasis assays, Cell Invasion Assay
Cell migration assay	Cell migration assay, Cell migration and invasion assay, In vitro cell migration and invasion assay, Migration assay, Migration and invasion assay, Cell Migration assay and Cell Invasion assay, Cells migration and invasion assay, Cell Migration and Invasion assay, Migration assays, Cell Migration and Invasion Assay
Cell proliferation assay	Cell proliferation assay, Cell Proliferation assay, Cell proliferation and invasion assay, Cell proliferation analysis, Cell Growth assay, Cell Proliferation and Colony-Formation assay, Proliferation assay, Proliferation and apoptosis assay, Cell Proliferation/Viability assay, Cell proliferation capacity detection, Cell growth assay, Cell Proliferation Assay, Cell proliferation assays, Cell proliferation and colony formation assays
Cell viability assay	Cell viability, Cell viability assay, Cell Viability assay, Colony formation and cell viability assay, Viability assay, Cell Proliferation/Viability assay, Cell Viability and Colony Formation Assays, Cell Viability Assay
Chemosensitivity assay	In vivo chemosensitivity assay
ChIP assay	ChIP assay, ChIP
ChIP-qPCR	ChIP-qPCR
Co-immunoprecipitation	Co-Immunoprecipitation, Co-immunoprecipitation assays
Colony formation assay	Colony formation assay, Agarose colony-formation assays, Clonogenic assay, Colony formation, MTT and Colony-Formation Analysis, Colony-Formation assay, Cell Colony formation assay, Colony Formation assay, Cell colony formation assay, Cell Proliferation and Colony-Formation assay, Colony formation and cell viability assay, colony formation assay, Plate Cloning Experiment, Plate colony formation assay, colony-formation assay, cell colony formation assay, Colon formation assay, Cell Viability and Colony Formation Assays, Colony-Formation Assay, Colony Formation Assay, colony formation assays, Colony formation and Transwell assays, Colony formation and transwell assay, Colony formation assays, Cell proliferation and colony formation assays, Plate colony assay
Drug resistance assay	Drug resistance assay
Dual-luciferase reporter assay	Dual-luciferase reporter assay, Dual luciferase assay, Dual-luciferase assay, Dual luciferase reporter assay, Dual luciferase activity assay, dual luciferase activity assay, dual-luciferase activity assay, Dual-Glo luciferase assay, Dual-Luciferase reporter assay, dual-luciferase reporter assay, Dual-luciferase reporter gene assay, Dual luciferase report gene assay, Dual-luciferase activity assay, Dual luciferase reporter gene assay, Dual-Luciferase reporter gene assay, Double luciferase reporter assay, Dual-Luciferase Reporter Assay, Dual-luciferase report assay, Dual luciferase report assay, Dual_luciferase reporter assay, Dual-Luciferase Reporter Gene assay, Dual-luciferase reporter, Dual-Luciferase Reporter assay, Dual-luciferase reporter analysis, Dual-luciferase reporter assay and RNA immune-precipitation, dual-luciferase reporter, Dual-Luciferase assay, dual luciferase assay, Dual-Luciferase re_x0002_porter assay, dual luciferase reporter assay, dual-luciferase reporter gene assay, Dual_x0002_luciferase reporter assay, Dual-Luciferase Reporter Gene Assay
EdU assay	EdU incorporation assay, EdU assay, EdU, EdU Staining, EdU staining, EdU Staining Assay, EdU Assay
Electrophoresis	Electrophoresis, Nucleic acid electrophoresis
ELISA	Enzyme-linked immunosorbent assay (ELISA), ELISA, ELISA assay
EMT assay	EMT
Exosome uptake assay	Exosome uptake assay
FISH	FISH, Fluorescence in situ hybridization assay, Fluorescence in situ hybridization, FISHLuciferase reporter assay, FISH assay
Flow cytometry	Flow cytometry analysis, Flow cytometry, Flow cytometric analysis, FCM assay, Flow cytometry apoptosis assay, Flow cytometry assay, Caspase-3 activity and flow cytometry, Flow cytometer assaay, Flow Cytometry, Flow Cytometry Analysis, flow cytometry assay, PI cytometry assay, Propidium iodide-labeled flow cytometry, Flow Cytometry assay, Flow Cytometry Assay, Transwell and flow cytometry assays
Glucose assay	Glucose consumption, Glucose assay
HE staining	HE and immunohistochemistry
HITS-CLIP	HITS-CLIP
Human growth factor array	Human growth factor array
IF	Immunofluorescence analysis, Immunofluorescence staining, Immunofluorescence microscopy, Immunofluorescence assay, ICC, Immunofluorescence, IF, Western blot and IF, Immunofluorescence Analysis, IF assay
IHC	Immunohistochemistry, IHC, Immunohistochemical analysis, IHC assay, Western blot and Immunohistochemistry, IHC staining, HE and immunohistochemistry, Immunohistochemistry assay, IHC Staining, Immunohistochemical Analysis
Immunoprecipitation	Immunoprecipitation assay, IP assay
In vitro assay	Routine in vitro and in vivo assays
In vitro cell behavior assay	In vitro cell behavior assays
In vitro tumorigenicity assay	In vitro and in vivo tumorigenicity assay
In vitro ubiquitination assay	vitro ubiquitination assays
Iron kit assay	iron kit assay
ISH	ISH, In situ hybridization
Lactate assay	lactate production, Lactate assay
LC-MS	LC-MS assay
LDH assay	Lactose dehydrogenase assay
Lentiviral transduction	Plasmids and siRNA transfection and lentiviral transduction, Lentivirus in-vivo administration
Loss- and gain-of-function experiments	Loss- or gain-of-function experiments
Luciferase reporter assay	Luciferase reporter assay, Luciferase assay, Luciferase and EGFP/RFP reporter assay, Luciferase reporter gene assay, Luciferase assays, Luciferase activity assay, Luciferase Reporter Assays, Luciferase reporter assays, luciferase reporter assay, Luciferase promoter assay, Luciferase Reporter Assay, Luciferase report assay, Luciferase reporter, Luciferase analysis, Luciferase reporter vector, FISHLuciferase reporter assay, Luciferase Reporter assay, Target prediction and luciferase assay, Bioinformatic Prediction and Luciferase Activity assay, Reporter vector construction and luciferase reporter assay, Luciferase Reporter Analysis, Luciferase Reporter Gene assay, Luciferase reporter analysis, Luciferase Activity Assay, Luciferase reporter experiment, Luciferase Reporter Gene Assay
Mass spectrometry	RNA pulldown and mass spectrometry
Matrigel assay	Matrigel assay
Metastasis assay	In vivo tumor growth and metastasis assays, In vivo tumor growth and metastasis assay, Metastasis assay and tumor xenograft formation, In vivo metastasis assay, In vivo animal model and growth and metastasis assays, In vivo tumorigenesis and metastasis assays, Cell invasion and metastasis assays, In vivo tumorigenesis and metastasis assay
Microarray	Microarray analysis
MMP assay	MMP assay
MTT assay	MTT assay, MTT proliferation assay, MTT, MTT array, MTT and Colony-Formation Analysis, MTT Assay
Northern blot	Northern Blotting, Northern blot
NTA	NTA
Nuclear-cytoplasmic fractionation	Nuclear-cytoplasmic fractionation
Osteogenic differentiation of hBMSCs	Osteogenic differentiation of hBMSCs
PCR	PCR and Sanger Sequencing
Plasmid construction	Plasmid construction, Plasmid Construction and Oligonucleotide Transfection, Agonist of beta-catenin Signaling and RUNX3 Plasmid Construction
Platelet spike-in experiment	Platelet spike-in experiment
Pull-down assay	Biotin pulldown assay, Pull-down assay, Pull down assay, Pulldown assay, Pull-down, Pull-Down assay, Biotin labeled probe pull down assay, Biotin-labeled pull-down assay, Biotin pull down analysis, pull-down assays
qPCR	qPCR, qRT-PCR, RT-qPCR, qRT_PCR, RT_Qpcr, Quantitative Real-Time PCR, Quantitative real-time polymerase chain reaction, qRT-PCR assay, RT-qPCR assay, Total RNA isolation and qRT-PCR analysis, quantitative real-time PCR, Real-time PCR, Real-Time PCR, quantitative polymerase chain reaction, Real-time qRT-PCR, qPCR assay, RNA extraction and qRT-PCR, quantitative real-time PCR (qRT-PCR), RNA Extraction and Quantitative Real-Time PCR
Rat model of IVDD	Rat model of IVDD
Rescue assay	Rescue assay
Reverse transcription	PrimeScript RT Master Mix, Reverse transcription, iScript cDNA Synthesis Kit (Bio-Rad)
RIP	RIP, RIP assay, circRIP, RNA immunoprecipitation, RNA immunoprecipitation assay, RIP array, RNA-Binding Protein Immunoprecipitation assay, RNA-binding protein immunoprecipitation assay, RIP Binding Protein, RNA Immunoprecipitation, RNAimmunoprecipitation assay, Cross-Linked RNA immunoprecipitation assays, RNA Immunoprecipitation Assay, RIP Assay, RIP assays
RNA extraction	RNA Preparation, RNeasy FFPE Kit, Total RNA isolation, RNA Extraction, RNA isolation and quantitation, RNA extraction, TRIzol Reagent
RNA FISH	RNA-FISH, RNA FISH, RNA in situ hybridization, RISH, RNA-FISH assay
RNA interference	RNAi, RNA interference, RNA Interference, RNA interference and stable transfection
RNA pull-down assay	RNA pull-down assay, RNA pulldown, RNA pulldown assay, RNA pull-down, RNA-pull down, RNA pull down, RNA pull down assay, circRNA pull-down, RNA-pulldown, RNA Pull-down assay, RNA-pull down assay, RNA Pull-Down assay, RNA Pull Down, RNA pull_down assay, Biotinylated RNA pull-down assay, RNA pulldown and mass spectrometry, Biotinylated-RNA pull down, RNA Pull-Down, Biotin-coupled probe RNA pull down assay, Biotin-avidin conjugation miRNA capture, RNA-pulldown assay, RNA pull-down assays, Biotin-labeled RNA pull-down assay, RNA Pull-Down Assay, RNA-Pull Down Assay, Biotin-coupled miRNA capture, RNA Pull down assay, RNA pull-down experiment
RNA-seq	RNA-seq analysis, RNA-seq
RNase R treatment	circRNA probe RNaseR, RNase R Treatment, RNase R tolerance test, Actinomycin D and RNase R treatment, RNase R treatment and subcellular localization, RNase R digestion assay, RNase R treatment, RNase R, RNase R (Epicentre), RNase R digestion
RT-ddPCR	RT-ddPCR
RT-PCR	Fluorescent-Competitive RT-PCR, Semi-Quantitative Real-Time RT-PCR, RT-PCR, RNA purification and RT_PCR
Sanger sequencing	PCR and Sanger Sequencing
Single-cell inoculations	Single-cell inoculations
Sphere formation assay	Sphere formation assay
Statistical analysis	Statistical analysis, Statistically analysis, Statistical Analysis, Bioinformatics and statistical analysis
Subcellular fractionation	Subcellular fraction, Subcellular fraction assay, Subcellular fractionation location, Subcellular fractionation assay, Subcellular fractionation, Subcellular Fractionation Assay
Subcellular localization assay	RNase R treatment and subcellular localization, Subcellular fractionation location, Subcellular localization assay, Subcellular distribution assay
TEM	TEM
TMA	TMA
Transfection	Transfection assay, Cell Transfection, Cell transfection, Plasmid Construction and Oligonucleotide Transfection, Cell transfection and ALP measurement, RNA interference and stable transfection, Plasmids and siRNA transfection and lentiviral transduction, Transfection
Transwell assay	Transwell assay, Transwell experiments, Wound healing and transwell assay, Transwell and Wound-Healing assay, Transwell assay and animal experiments, transwell assay, Wound-Healing and Transwell assay, Cell Wound Healing and Transwell assay, Transwell assays, Transwell Assay, Transwell Assays, Transwell and flow cytometry assays, Transwell and cell adhesion assays, Colony formation and Transwell assays, Colony formation and transwell assay, Transwell analysis
Transwell invasion assay	Transwell Cell Invasion assay, Transwell Invasion assay, Transwell invasion assay, Transwell Migration and Invasion assay, Transwell migration and invasion assay, Wound healing (migration) assay and transwell (invasion) assay, Transwell migration & invasion assay, Transwell Matrigel invasion assay, Transwell Migration and Invasion Assays, Transwell migration and invasion assays, Transwell Invasion Assay
Transwell migration assay	Transwell migration assays, Transwell Migration and Invasion assay, Transwell migration and invasion assay, Transwell migration & invasion assay, Transwell migration assay, Transwell Migration and Invasion Assays, Transwell Migration Assay, transwell migration assays, Transwell migration and invasion assays
Tube formation assay	Tube formation assay, HUVEC tube formation assay, in vitro angiogenic assay
Western blot	Western blot, Western blot assay, Western Blot, Immunoblotting assay, Western blots, Western blot and Immunohistochemistry, Western blot (WB) Analysis, Immunoblot assay, Immunoblotting, Western blot and IF, Western blot and Alizarin red staining, Protein extraction and Western blot, Luciferase assay¡AWestern blot
Wound healing assay	Wound-healing assay, Wound healing assay, Scratch wound assay, Wound healing and transwell assay, Scratch test, Transwell and Wound-Healing assay, Cell Wound Healing Test, Cell Wound Healing assay, Wound Healing assay, Wound healing (migration) assay and transwell (invasion) assay, Wound-Healing and Transwell assay, Cell Wound Healing and Transwell assay, cell wound healing assay, Wound Healing Assay, Wound-Healing Assay, Cell Wound-Healing Assay
WST assay	WST assay
Xenograft model	Xenograft model, Mouse xenograft model, Xenograft mouse model, Tumor xenografts in nude mice, In vitro and in vivo tumorigenicity assay, Xenograft nude mouse model, Xenograft assay, Tumor xenograft study, In vivo tumor growth and metastasis assays, Xenograft animal studies, Xenograft in mice, In vivo tumor formation assay, In vivo tumor growth, Xenograft tumour in nude mice, Xenograft tumor assay, Tumorigenesis assay, Tumor formation experiments, In vivo tumor growth and metastasis assay, tumorigenesis assay, xenograft assay, murine xenograft model assay, Murine xenograft model, Metastasis assay and tumor xenograft formation, Tumor xenograft assay, Tumor formation assay, In vivo tumor growth assay, Tumor xenografts, murine xenograft model, Xenograft tumor model, Xenograft Models in Mice, Xenograft Assay, Tumor xenograft model, In vivo animal model and growth and metastasis assays, In vivo tumorigenesis and metastasis assays, Xenografts, Tumor Xenograft Assay, Mouse xenografts, xenograft models, In vivo tumorigenesis and metastasis assay
