old_circRNA_id	new_circRNA_id	status	search_result_count
hsa_circ_000166	hsa_circ_0000512	unique_match	1
hsa_circ_000240	hsa_circ_0000810	unique_match	1
hsa_circ_00055521	NA	no_match	0
hsa_circ_000570	hsa_circ_0000038	unique_match	1
hsa_circ_000601	hsa_circ_0000616	unique_match	1
hsa_circ_000780	hsa_circ_0000217	unique_match	1
hsa_circ_00099343	NA	no_match	0
hsa_circ_002117	hsa_circ_0000332	unique_match	1
hsa_circ_007293	NA	no_match	0
hsa_circ_100219	NA	no_match	0
hsa_circ_1878921	NA	no_match	0
hsa_circ_4040908	NA	no_match	0
